challenge_id,category,en,uz,source_file,en_words,uz_words
challenge_0001,long,"Norton and his colleagues conducted research to find out if consumers would pay higher prices for products that required self-assembly.[1] The research consisted of three different experiments in which the participants built Lego items, folded origami figures and assembled IKEA boxes.","Norton va uning hamkasblari iste'molchilar o'z-o'zini yig'ishni talab qiladigan mahsulotlar uchun yuqori narxlarni to'lashlarini aniqlash uchun tadqiqotlar o'tkazdilar[1]. Tadqiqot uch xil tajribadan iborat bo'lib, unda ishtirokchilar Lego buyumlari, buklangan origami raqamlari va IKEA qutilarini yig'ishdi.",data\clean\en_uz\public_5k_v1\public_candidates_scored.csv,42,36
challenge_0002,long,"A leading Russian literary critic of the 20th century Viktor Shklovsky, in his book, Zoo, or Letters Not About Love, wrote, ""Russian literature has a bad tradition.",Xristianlik va xristian simvolizmi ham muhim mavzular biri.,data\clean\en_uz\public_5k_v1\public_candidates_scored.csv,27,8
challenge_0003,long,"As a side dish, tapa sometimes comes with atchara (pickled papaya strips) or sliced vegetables (usually tomatoes).",Yon piyola sifatida tapa ba'zan atchara ( tuzlangan papayya chiziqlari) yoki dilimlenmiş sabzavotlar (odatda pomidor ) bilan birga keladi .,data\clean\en_uz\public_5k_v1\public_candidates_scored.csv,17,17
challenge_0004,number,The UFZ has been accredited under EMAS (Eco-Management and Audit System) since 2005.,UFZ 2005-yildan beri EMAS (Eco-Management and Audit System Eko-boshqaruv va audit tizimi ) ostida akkreditatsiya qilingan.,data\clean\en_uz\public_5k_v1\accepted_public_en_uz_5000.csv,13,15
challenge_0005,number,"He did reach the third round of Wimbledon doubles, along with his partner Eduardo Schwank, losing to Daniele Bracciali and Julian Knowle, 5–7, 5–7, 1–6.","U sherigi Eduardo Shvank bilan birgalikda Wimbledon juftliklarining uchinchi bosqichiga chiqdi va Daniele Bracciali va Julian Noulga 5-7, 5-7, 1-6 hisobida yutqazdi.",data\clean\en_uz\public_5k_v1\public_candidates_scored.csv,28,22
challenge_0006,normal,The four other poems are medieval romances.,Qolgan toʻrtta sheʼr oʻrta asr romanlari hisoblanadi.,data\clean\en_uz\public_5k_v1\public_candidates_scored.csv,7,7
challenge_0007,normal,Such as the vitamin section or other items?,Vitamin bo'limi yoki boshqa narsalar kabi?,data\clean\en_uz\hplt\hplt_en_uz_10k_clean.csv,8,6
challenge_0008,long,"Retrieved 20 October 2021.{{cite web}}: CS1 maint: url-status (link) ↑ ""Veliki dragulj hrvatskog nogometa na meti Barcelone!",Qaraldi: 20-oktabr 2021-yil. ↑ „Veliki dragulj hrvatskog nogometa na meti Barcelone!,data\clean\en_uz\public_5k_v1\public_candidates_scored.csv,17,10
challenge_0009,number,Inactivated: 5 January 1946.,Faoliyatsiz: 1946-yil 5 yanvar.,data\clean\en_uz\public_5k_v1\public_candidates_scored.csv,4,4
challenge_0010,entity,"After retiring from professional football, Muminov worked as a youth manager.",Professional futbolchi sifatida nafaqaga chiqqanidan so'ng Moʻminov yoshlar futbolida menejeri sifatida ishlagan.,data\clean\en_uz\public_5k_v1\public_candidates_scored.csv,11,12
challenge_0011,entity,"Abcnews.go.com. August 6, 2011.",Abcnews.go.com (6-avgust 2011-yil).,data\clean\en_uz\public_5k_v1\public_candidates_scored.csv,6,5
challenge_0012,number,"Official Gazette (in Turkish). 12 September 2010. ↑ ""Mayor's page"" (in Turkish).","Rasmiy gazeta (2010-yil 12-sentyabr). ↑ „Mayyor sahifasi"" (tr).",data\clean\en_uz\public_5k_v1\public_candidates_scored.csv,11,7
challenge_0013,negation,"- well-matched, but not belonging to the same color range (light green with yellow).","- bir-biriga mos keladigan, lekin bir xil rang diapazoniga mansub bo'lmagan (sarg'ish-yashil sariq).",data\clean\en_uz\hplt\hplt_en_uz_10k_clean.csv,13,12
challenge_0014,negation,"On Alcatraz's first anniversary, the Bureau of Prisons wrote, ""The establishment of this institution not only provided a secure place for the detention of the more difficult type of criminal but has had a good effect upon discipline in our other penitentiaries also.","Alkatrazning bir yilligi munosabati bilan Qamoqxonalar byurosi ""Ushbu muassasaning tashkil etilishi nafaqat og'irroq jinoyatchilarni saqlash uchun xavfsiz joyni ta'minlabgina qolmay, balki boshqa jazoni o'tash muassasalarimizdagi tartib-intizomga ham yaxshi ta'sir ko'rsatdi.",data\clean\en_uz\public_5k_v1\public_candidates_scored.csv,43,30
challenge_0015,negation,"If you've never played feet games that were built in HTML5, the Foot Job Games collection is going to amaze you.","Buning ustiga, ushbu saytning o'yinlari ham qo'shimcha kinks va sex aktlari bilan kelmoqda.",data\clean\en_uz\hplt\hplt_en_uz_10k_clean.csv,21,13
challenge_0016,entity,"It is the county seat of Strafford County, and home to Wentworth-Douglass Hospital, the Woodman Institute Museum, and the Children's Museum of New Hampshire.","Bu Strafford okrugining okrug markazi bo'lib, Uentvort-Duglas kasalxonasi, Vudman instituti muzeyi va Nyu-Xempshir bolalar muzeyi joylashgan.",data\clean\en_uz\public_5k_v1\public_candidates_scored.csv,24,16
challenge_0017,normal,I will recommend this site!,Men bu saytni juda tavsiya qilaman!,data\clean\en_uz\hplt\hplt_en_uz_10k_clean.csv,5,6
challenge_0018,entity,"Les Poupées de Paris (1962) ( voice only) A Two Act Revue (1964) Illya Darling (1968) Can-Can (1969) Damn Yankees (1969) No, No, Nanette (1972) Greenwich Village Follies of 1923 (1981) Cactus Flower (1983) Charlie Girl (1986) Grand Hotel (Dec 31, 1991 to Apr 25, 1992)","Les Poupées de Paris (1962) (faqat ovozli) Ikki aktli revyu (1964) Illya Darling (1968) Can-Can (1969) La'nati Yankees (1969) Yo'q, yo'q, Nanette (1972) 1923-yilgi Grinvich qishlog'i folisi (1981) Kaktus gullari (1983) Charli qiz (1986) Grand Hotel (1991-yil 31 dekabrdan 1992-yil 25 aprelgacha)",data\clean\en_uz\public_5k_v1\public_candidates_scored.csv,45,42
challenge_0019,number,Four Russian tourists found dead in Albanian hotel sauna,Kipr 45 nafar chet elliklarni Golden Visa investoridan mahrum qildi.,data\clean\en_uz\hplt\hplt_en_uz_10k_clean.csv,9,10
challenge_0020,negation,"In 1884, he opened his own pastry shop at No. 13, Brodgasse, where he, by his own account, created the Mozart-Bonbon praline after lengthy trials in 1890.",1884-yilda u Brodgasse No13 da o'zining qandolatchilik do'konini ochdi. 1890-yilda uzoq sinovlardan so'ng pralin tayyorlay boshladi.,data\clean\en_uz\public_5k_v1\public_candidates_scored.csv,27,16
challenge_0021,entity,The village is a Turkish-origin settlement and is referred to as Ada or Adaköy in local Turkish.[1],"Qishloq asli turk aholi punkti bo'lib, mahalliy turkchada Ada yoki Adako'y deb ataladi[1].",data\clean\en_uz\public_5k_v1\public_candidates_scored.csv,18,14
challenge_0022,normal,But what if you already have several private student loans?,"Lekin siz allaqachon bir necha nima bor bo'lsa, Maxsus talaba kreditlari?",data\clean\en_uz\hplt\hplt_en_uz_10k_clean.csv,10,11
challenge_0023,entity,"FIFA.com. 23 June 2023. ↑ Fútbol, Asociación Paraguaya de. ""Consejo de la FIFA confirma a Paraguay como sede inaugural del Mundial 2030"".","FIFA.com (23-iyun 2023-yil). ↑ Fútbol. „Consejo de la FIFA confirma a Paraguay como sede inaugural del Mundial 2030"".",data\clean\en_uz\public_5k_v1\public_candidates_scored.csv,22,18
challenge_0024,normal,Music therapy is a broad field with many areas and populations to specialize in.,Musiqa terapiyasi ixtisoslashgan ko'plab sohalar va aholiga ancha ma'lum bo'lgan keng sohadir.,data\clean\en_uz\public_5k_v1\public_candidates_scored.csv,14,12
challenge_0025,entity,Their explanation wasn't deemed valid by the club and Dimitrov was suspended.,Ularning tushuntirishlari klub tomonidan asossiz deb topildi va Dimitrov diskvalifikatsiya qilindi.,data\clean\en_uz\public_5k_v1\public_candidates_scored.csv,12,11
challenge_0026,number,"3 main dams have been constructed both for the production of hydroelectric energy and irrigation; two in the Tucumán Province: El Cadillal and Escaba, and Los Quiroga in Santiago del Estero Province.",3 ta asosiy suv energiyasi va sug'orish uchun qurilgan; ikkita Tucumán viloyatida: El Cadillal va Escaba va San'tiago del Estero viloyatidagi Los Quiroga.,data\clean\en_uz\public_5k_v1\public_candidates_scored.csv,32,23
challenge_0027,negation,Wasn't carried out the extensive research works.,Keng qamrovli tadqiqot ishlari olib borilmadi.,data\clean\en_uz\public_5k_v1\public_candidates_scored.csv,7,6
challenge_0028,long,"Between 2003 and 2005, Newton played Makemba ""Kem"" Likasu, love interest of John Carter on the American television series ER.","2003-2005-yillar oralig'ida Newton Amerika teleserialida John Carterning sevgisi bo'lgan Makemba ""Kem"" Likasu rolini o'ynadi.",data\clean\en_uz\public_5k_v1\public_candidates_scored.csv,20,14
challenge_0029,negation,"There were 888 households, out of which 30.3% had children under the age of 18 living with them, 51.9% were married couples living together, 7.8% had a female householder with no husband present, and 38.3% were non-families.","Shaharda 888 ta xonadon mavjud bo'lib, ulardan 30,3 foizi 18 yoshgacha bo'lgan bolalari bor, 51,9 foizi er-xotinlar, 7,8 foizi eri bo'lmagan, 38,3 foizi esa oilasizlar edi.",data\clean\en_uz\public_5k_v1\public_candidates_scored.csv,41,30
challenge_0030,number,"In 2017, CompEx 01-04 was introduced to the NEC Standard.",2017-yilda CompEx 01-04 NEC standartiga kiritildi.,data\clean\en_uz\public_5k_v1\public_candidates_scored.csv,10,6
challenge_0031,normal,Anti-malware programs can combat malware in two ways:,Veb-sayt xavfsizligini skanerlash[tahrir | manbasini tahrirlash],data\clean\en_uz\hplt\hplt_en_uz_10k_clean.csv,8,6
challenge_0032,long,"All applicants must have the right to work in the UK, ma conduct a CRC (Criminal record check) and give us a 5 ars controllable referansever History.","Barcha nomzodlar Buyuk Britaniyada ishlash huquqiga ega bo'lishi kerak, CRC o'tkazish ma (Jinoyat rekord tekshirish) va bizga bering 5 ARS boshqariladigan referansever tarixi.",data\clean\en_uz\hplt\hplt_en_uz_10k_clean.csv,27,23
challenge_0033,number,"Tishanovo is a village in Nevestino Municipality, Kyustendil Province, south-western Bulgaria.[1]","Tishanovo — Bolgariyaning janubi-g'arbiy qismi, Kyustendil viloyati Nevestino munitsipalitetidagi qishloq[1].",data\clean\en_uz\public_5k_v1\public_candidates_scored.csv,12,10
challenge_0034,long,"Three weeks after the vote, Dundas tabled resolutions setting out a plan to implement gradual abolition by the end of 1799.","Ovoz berishdan uch hafta o'tgach, Dundas 1799-yil oxirigacha qul savdosini bosqichma-bosqich bekor qilishni amalga oshirish rejasini belgilovchi rezolyutsiyani taqdim etdi.",data\clean\en_uz\public_5k_v1\public_candidates_scored.csv,21,20
challenge_0035,long,Only the Finn Janne Ahonen has surpassed that record by winning the Four Hills Tournament five times.,"Faqatgina finiyalik Janne Ahonen To'rt tepalik turnirida besh marta g'alaba qozonib, bu rekordni ortda qoldirgan.",data\clean\en_uz\public_5k_v1\public_candidates_scored.csv,17,15
challenge_0036,number,"This was produced by Anderson to great success and was adapted into a film in 1910, which Bailey directed as well as appeared in.","Pyesaga Anderson prodyusserlik qildi va 1910-yilda .uning asosida Bailey rejissyorlik qilib, rol o'ynagan yangi bir film suratga olindi.",data\clean\en_uz\public_5k_v1\public_candidates_scored.csv,24,18
challenge_0037,negation,We've also gone to great lengths to get full videos: none of these spliced clips that you might find on your standard tube outlets.,"Sizga Eva loviya Porno va biz taqdim etadigan barcha narsalar haqida ko'proq ma'lumot bermoqchimiz, shuning uchun agar bu tafsilotlar sizni qiziqtiradigan narsa bo'lsa, o'qishni davom eting.",data\clean\en_uz\hplt\hplt_en_uz_10k_clean.csv,24,26
challenge_0038,normal,"The petioles can be used in the manufacture of canes, arrows and netting needles.","Petioles qamish, o'q va to'r ignalarini ishlab chiqarishda ishlatilishi mumkin.",data\clean\en_uz\public_5k_v1\public_candidates_scored.csv,14,10
challenge_0039,negation,"Chen was born on 15 April 1955[1] in Hangzhou, Zhejiang, China.[2] She studied at Hangzhou No. 10 High School.[2] In December 1970, she was selected to play for the Zhejiang Provincial Women's Volleyball Team at the age of 15.[3]","Chen 1955-yil 15-aprelda[1] Xanchjou, Chjejiang, Xitoyda tug'ilgan[2]. Xanchjoudagi 10-sonli o'rta maktabda o'qigan[2]. 1970-yil dekabr oyida u 15 yoshida Chjejiang provinsiyasi ayollar voleybol jamoasi safida o'ynash uchun tanlangan[3].",data\clean\en_uz\public_5k_v1\public_candidates_scored.csv,43,31
challenge_0040,normal,We explain you how to easily configure EMD to display your messages!,Biz sizning xabarlaringizni ko'rsatish uchun EMD-ni qanday qilib osongina sozlashni tushuntiramiz!,data\clean\en_uz\hplt\hplt_en_uz_10k_clean.csv,12,11
challenge_0041,number,Retrieved 3 October 2016.,Qaraldi: 3-oktabr 2016-yil.,data\clean\en_uz\public_5k_v1\public_candidates_scored.csv,4,3
challenge_0042,entity,"She lived more than twenty years after the execution of her son, and died on 11 December 1828 in Istanbul.",U o'g'li qatl qilinganidan keyin yigirma yildan ko'proq vaqt yashadi va 1828-yil 11-dekabrda Istanbulda vafot etdi.,data\clean\en_uz\public_5k_v1\public_candidates_scored.csv,20,16
challenge_0043,time_date,Archived from the original on 19 June 2023.,19-iyun 2023-yilda asl nusxadan arxivlandi.,data\clean\en_uz\public_5k_v1\public_candidates_scored.csv,8,5
challenge_0044,entity,The Louvre Colonnade is the easternmost façade of the Palais du Louvre in Paris.,Louvre ustunlari Parijdagi Louvre saroyining eng sharqiy fasad qismidir.,data\clean\en_uz\public_5k_v1\public_candidates_scored.csv,14,9
challenge_0045,long,"The Inductive Heater for fluids allowed heating projects that were not viable by other electrical means or not, and hundreds of them are already in use.",Suyuqliklar uchun induktiv isitgich boshqa elektr vositalar bilan yaroqsiz yoki yo'q bo'lgan isitish loyihalariga ruxsat berdi va ularning yuzlablari allaqachon ishlatilmoqda.,data\clean\en_uz\hplt\hplt_en_uz_10k_clean.csv,26,21
challenge_0046,negation,"Martin, who responded best to a club audience, felt lost in the huge stadiums they were performing in at Sinatra's insistence, and he was not interested in drinking until dawn after performances.",Klub tomoshabinlariga eng yaxshi javob qaytargan Martin Sinatraning talabiga binoan ular katta stadionlarda o'zini yo'qotib qo'ydi va u chiqishlardan keyin tong otguncha ichishga qiziqmasdi.,data\clean\en_uz\public_5k_v1\public_candidates_scored.csv,32,24
challenge_0047,normal,These qualities and more attract people.,Bu fazilatlar va boshqalarni odamlarni o'ziga jalb qiladi.,data\clean\en_uz\hplt\hplt_en_uz_10k_clean.csv,6,8
challenge_0048,long,Add accent with patina lampBoardThe best way to add metallic patina to your home is in small doses.,Patina chiroq bilan diqqatni qo'shingKengashUyingizga metall patina qo'shishning eng yaxshi usuli kichik dozalarda bo'ladi.,data\clean\en_uz\hplt\hplt_en_uz_10k_clean.csv,18,14
challenge_0049,normal,The temples in the village are named:,Qishloqdagi ibodatxonalar shunday nomlanadi:,data\clean\en_uz\public_5k_v1\public_candidates_scored.csv,7,4
challenge_0050,normal,They make sure that their appearance matches their personality.,Ularning tashqi qiyofasi ularning shaxsiyatiga mos kelishiga ishonch hosil qilishadi.,data\clean\en_uz\hplt\hplt_en_uz_10k_clean.csv,9,10
challenge_0051,long,"However, their relationship grew complicated after it became apparent that Black Cat was only attracted to the alter ego of Spider-Man and had little interest in the hero's civilian life as Peter Parker.","Qahramon dastlab oʻrgimchak odamning super yovuz odami va dushmani sifatida tasvirlangan, ammo vaqt oʻtishi bilan ikkalasi bir-birini sevib qolishgan, bu esa uni antiqahramon va uning sherigi boʻlishga undagan.",data\clean\en_uz\public_5k_v1\public_candidates_scored.csv,33,28
challenge_0052,number,"International Tennis Federation. September 14, 2017.",International Tennis Federation (14-sentabr 2017-yil).,data\clean\en_uz\public_5k_v1\public_candidates_scored.csv,6,5
challenge_0053,normal,"Mat: fried chicken, cupcakes and champagne.","bo'yra: qovurilgan tovuq, cupcakes va shampan.",data\clean\en_uz\hplt\hplt_en_uz_10k_clean.csv,6,6
challenge_0054,normal,Bright colors help to place the main accents in the room.,Yorqin ranglar xonadagi asosiy aksalarni joylashtirishga yordam beradi.,data\clean\en_uz\hplt\hplt_en_uz_10k_clean.csv,11,8
challenge_0055,entity,Imaging of the Brachial Plexus can be done effectively by using a higher magnetic strength MRI Scanner like 1.5 T or more.,"Yelka chigalini tasvirlash 1,5 T yoki undan yuqori magnit quvvatli MRI skaneri yordamida samarali amalga oshirilishi mumkin.",data\clean\en_uz\public_5k_v1\public_candidates_scored.csv,23,18
challenge_0056,long,"A home energy audit is a service where the energy efficiency of a house is evaluated by a person using professional equipment (such as blower doors and infrared cameras), with the aim to suggest the best ways to improve energy efficiency in heating and cooling the house.","Uy energiya auditi - bu uyning energiya samaradorligini professional asbob-uskunalar (masalan, shamollatuvchi eshiklar va infraqizil kameralar ) yordamida baholaydigan, uyni isitish va sovutishda energiya samaradorligini oshirishning eng yaxshi usullarini taklif qilish xizmatidir. .",data\clean\en_uz\public_5k_v1\public_candidates_scored.csv,47,30
challenge_0057,normal,"""Messi is undoubtedly the best player in the world.",- U dunyoning eng yaxshi o'yinchisidir.,data\clean\en_uz\hplt\hplt_en_uz_10k_clean.csv,9,5
challenge_0058,number,"The program contains the knowledge and skills necessary to prepare for a certification exam CCNA 640-802, after the successful completion of which students receive the status of Cisco Certified Network Associate (CCNA).","Dastur o'z ichiga CCNA 640-802 sertifikasion imtihoniga tayyorgarlik ko'rish uchun zarur bo'lgan bilim va ko'nikmalarni oladi, bu imtihonni muvaffaqiyatli tarzda topshirgandan so'ng mutahassis Cisco Certified Network Associate (CCNA) statusiga ega bo'ladi.",data\clean\en_uz\hplt\hplt_en_uz_10k_clean.csv,32,31
challenge_0059,entity,"For China, the issues were control of the South China Sea, trade policies, and technology policy.","Xitoy uchun masalalar Janubiy Xitoy dengizini nazorat qilish, savdo siyosati va texnologiya siyosati edi.",data\clean\en_uz\public_5k_v1\public_candidates_scored.csv,16,14
challenge_0060,long,She set her adult supernatural novel The Haunting of Lamb House at Lamb House in Rye (now a National Trust property).,U o'zining kattalar uchun noyob romanini Ryedagi Lamb Houseda (hozirgi Milliy Trust mulki) joylashtirgan.,data\clean\en_uz\public_5k_v1\public_candidates_scored.csv,21,14
challenge_0061,normal,The nucleoplasma fills the cell nucleus.,Nukleoplazma hujayra yadrosini to'ldiradi.,data\clean\en_uz\hplt\hplt_en_uz_10k_clean.csv,6,4
challenge_0062,entity,"After finishing school he studied at the agricultural technical school in Andijan city, and then at the Tashkent Pedagogical Institute.","O'rta maktabni bitirgach, Andijon shahridagi Qishloq xo'jaligi texnikumida, so'ng Toshkent pedagogika institutida ta'lim oldi.",data\clean\en_uz\hplt\hplt_en_uz_10k_clean.csv,20,14
challenge_0063,time_date,"Both exams are three hours and fifteen minutes long, comprising a total of 45 multiple choice questions and six free response questions.","Ikkala imtihon ham uch soat-u o'n besh daqiqa davom etadi, jami 45 ta ko'p tanlovli savollar va oltita ochiq yozma savollaridan iborat.",data\clean\en_uz\public_5k_v1\public_candidates_scored.csv,22,22
challenge_0064,normal,"Perhaps this is achieved through a unique, almost transparent painting technique.","Ehtimol, bunga noyob, deyarli shaffof bo'yoq texnikasi yordamida erishiladi.",data\clean\en_uz\hplt\hplt_en_uz_10k_clean.csv,11,9
challenge_0065,entity,"On 19 May 2012, TRT 1 HD started simulcasting with TRT 1 upscaled to full HD 16:9 DVB-S2 standard.",2012-yilning 19-mayida TRT 1 HD toʻliq HD 16:9 DVB-S2 standartiga koʻtarilgan TRT 1 kanali orqali simulyasterni yo'lga qo'ydi.,data\clean\en_uz\public_5k_v1\accepted_public_en_uz_5000.csv,20,19
challenge_0066,normal,Pakistan's media sector is highly influenced by the ownership structure.,Pokistonning media sektoriga mulkchilik tuzilishi katta ta'sir ko'rsatadi.,data\clean\en_uz\public_5k_v1\public_candidates_scored.csv,10,8
challenge_0067,number,"Carolyn Swords (born July 19, 1989) is an American former basketball player.",Carolyn Swords (1989-yil 19-iyulda tug'ilgan) - amerikalik sobiq basketbolchi.,data\clean\en_uz\public_5k_v1\accepted_public_en_uz_5000.csv,12,8
challenge_0068,time_date,"Retrieved September 29, 2014. ↑ ""Kevin Jonas Discusses His App Yood And Branching Out Into World Of Tech"".","Qaraldi: 29-sentabr 2014-yil. ↑ „Kevin Jonas Discusses His App Yood And Branching Out Into World Of Tech"".",data\clean\en_uz\public_5k_v1\public_candidates_scored.csv,17,16
challenge_0069,time_date,Archived from the original on 27 June 2018.,27-iyun 2018-yilda asl nusxadan arxivlandi.,data\clean\en_uz\public_5k_v1\public_candidates_scored.csv,8,5
challenge_0070,time_date,Hacettepe University was chartered through Act No. 892 of the Turkish Parliament on 8 July 1967.,Hacettepe universiteti 1967-yil 8-iyulda Turkiya parlamentining 892-sonli qonuni bilan tuzilgan.,data\clean\en_uz\public_5k_v1\public_candidates_scored.csv,16,10
challenge_0071,normal,Neutral finish in the interior of the room,Xonaning ichki qismida betaraf tugatish,data\clean\en_uz\hplt\hplt_en_uz_10k_clean.csv,8,5
challenge_0072,entity,The opening of the Gotthard tunnel and the port of Geneva also favored relations.,Gottard tunneli va Jeneva portining ochilishi ham munosabatlar yaqinlashuviga yordam berdi.,data\clean\en_uz\public_5k_v1\public_candidates_scored.csv,14,11
challenge_0073,time_date,"Retrieved June 6, 2007. ↑ Grigoriadis, Vanessa (March 6, 2000).","Qaraldi: 6-iyun 2007-yil. ↑ Grigoriadis, Vanessa (March 6, 2000).",data\clean\en_uz\public_5k_v1\accepted_public_en_uz_5000.csv,9,8
challenge_0074,entity,Retrieved 16 April 2021. ↑ Entymoligical dictionary (definition).,Qaraldi: 16-aprel 2021-yil. ↑ Entymoligical dictionary (definition).,data\clean\en_uz\public_5k_v1\public_candidates_scored.csv,7,6
challenge_0075,long,"Every March since 2007, The Bookworm has organized the Bookworm Literary Festival, billed as ""a celebration of literature and ideas"" featuring international and Chinese authors.","2007-yildan beri har yili mart oyida The Bookworm xalqaro va xitoylik mualliflar ishtirokida ""adabiyot va g'oyalar bayrami"" sifatida e'lon qilingan ""Bookworm"" adabiyot festivalini tashkil qiladi.",data\clean\en_uz\public_5k_v1\public_candidates_scored.csv,25,25
challenge_0076,negation,"The European breeding population is found in habitats where there is no tree cover but there is sparse scrub less than a metre in height, while the birds in the Canary Islands nest on sandy plains with halophytic and xerophytic scrub, as well as in more typical habitats.[1]","Evropaning naslchilik populyatsiyasi daraxtlar qoplami bo'lmagan, lekin balandligi bir metrdan kam bo'lmagan siyrak buta bo'lgan yashash joylarida, Kanar orollaridagi qushlar esa, galofit va kserofit butalari bo'lgan qumli tekisliklarda, shuningdek, odatiy yashash joylarida uyalarini qurishadi[1].",data\clean\en_uz\public_5k_v1\public_candidates_scored.csv,49,35
challenge_0077,normal,- Describe the roles of prokaryotes in the carbon and nitrogen cycles,- Prokaryotlarning uglerod va azot aylanishlaridagi rolini tavsiflang,data\clean\en_uz\hplt\hplt_en_uz_10k_clean.csv,11,7
challenge_0078,normal,The bridge and connecting highway provides three lanes of traffic in each direction.,Ko'prik va bog'lovchi avtomagistral har bir yo'nalishda uchta bo'lakli harakatni ta'minlaydi.,data\clean\en_uz\public_5k_v1\public_candidates_scored.csv,13,11
challenge_0079,normal,Think of the practical side.,Amaliy tomonni o'ylab ko'ring.,data\clean\en_uz\hplt\hplt_en_uz_10k_clean.csv,5,4
challenge_0080,number,"News18. 5 September 2022. ↑ ""Ayesha Kapur, best known for her work in Sanjay Leela Bhansali's 'Black,' will star alongside Anshuman Jha in 'Hari-Om'"". Firstpost.","News18 (5-sentyabr 2022-yil). ↑ „Ayesha Kapur, best known for her work in Sanjay Leela Bhansali's 'Black,' will star alongside Anshuman Jha in 'Hari-Om'"".",data\clean\en_uz\public_5k_v1\accepted_public_en_uz_5000.csv,24,22
challenge_0081,time_date,"Retrieved July 20, 2018. ↑ ""Archived copy"".","Qaraldi: 20-iyul 2018-yil. ↑ „Archived copy"".",data\clean\en_uz\public_5k_v1\public_candidates_scored.csv,6,5
challenge_0082,time_date,"Retrieved 6 December 2021.{{cite web}}: CS1 maint: url-status (link) ↑ ""Welcome to the Library"".",Qaraldi: 6-dekabr 2021-yil.,data\clean\en_uz\public_5k_v1\public_candidates_scored.csv,14,3
challenge_0083,time_date,"Deepa Sahi Sahi at the launch of Maya Studio Born (1962-11-30) 30 November 1962 (age 59) Dehradun, Uttarakhand, India Occupation actress, Producer, director, script and story writer Years active 1984–present Spouse(s) Ketan Mehta","Deepa Sahi Tavalludi 30-noyabr 1962-yil (1962-11-30) (59 yosh) Dehradun, Uttarakhand Kasbi Aktrisa, prodyuser, yozuvchi Turmush oʻrtogʻi Ketan Mehta Faoliyat yillari 1984–hozirgacha",data\clean\en_uz\public_5k_v1\public_candidates_scored.csv,35,22
challenge_0084,negation,"Eva Lovia Porn has always been something that we're passionate about, and when the team went ahead and put all of its efforts into this minx, the end result was absolutely fantastic.","Eva loviya Porno da jamoasi atrofida eng tez yuklab olish serverlar ba'zi bor, va biz sizga kerak mazmuni bilan sizni qo'shilmoq uchun ularni foydalanayotgan bo'lsangiz: so'radi hech savollar.",data\clean\en_uz\hplt\hplt_en_uz_10k_clean.csv,32,28
challenge_0085,negation,"Third-party apps have been doing similar for a while and Apple added a night mode to iOS 9.3, so it's not a new feature, but it is good to see built into Android.","Uchinchi tomon ilovalar bir muncha vaqt uchun shunga o'xshash qilgan va Apple iOS uchun bir kecha rejimini qo'shiladi 9.3, Bas, u yangi xususiyati emas, lekin u Android ichiga qurilgan qarang yaxshi bo'ladi.",data\clean\en_uz\hplt\hplt_en_uz_10k_clean.csv,34,33
challenge_0086,long,"Initially contested by 12 teams in its inaugural year, the league has since expanded, with 18 teams competing in the 2022 season.","Dastlabki yilida 12 ta jamoa ishtirok etgan bo'lsa, liga o'shandan beri kengayib, 2022 yilgi mavsumda 18 ta jamoa ishtirok etadi.",data\clean\en_uz\public_5k_v1\public_candidates_scored.csv,22,20
challenge_0087,number,"So on 4 February 1938 when Hitler became Commander-in-Chief of the Armed Forces, Keitel (to the astonishment of the General Staff, including himself) became Chief of Staff.[4]","Shunda Gitler barmoqlarini shaqillatib qo'yadi va ""Men izlayotgan odam aynan shu"", deydi. Shunday qilib, 1938-yil 4-fevralda Gitler Qurolli Kuchlar Bosh Qo'mondoni bo'lganida, Keytel Bosh shtab boshlig'i bo'ldi[4].",data\clean\en_uz\public_5k_v1\public_candidates_scored.csv,28,28
challenge_0088,negation,"However, due to the political, social and economic instability in the country, the project could never be realized.","Biroq, mamlakatdagi siyosiy, ijtimoiy va iqtisodiy beqarorlik tufayli loyiha amalga oshmay qoldi.",data\clean\en_uz\public_5k_v1\public_candidates_scored.csv,18,12
challenge_0089,normal,Only full members have voting rights.,Faqat to'liq a'zolar ovoz berish huquqiga ega hisoblanadi.,data\clean\en_uz\public_5k_v1\public_candidates_scored.csv,6,8
challenge_0090,time_date,"Retrieved 28 August 2018. ↑ ""INTERVIEW: In fighting for girls' education, UN advocate Malala Yousafzai finds her purpose"".","Qaraldi: 28-avgust 2018-yil. ↑ „INTERVIEW: In fighting for girls' education, UN advocate Malala Yousafzai finds her purpose"".",data\clean\en_uz\public_5k_v1\public_candidates_scored.csv,17,16
challenge_0091,normal,Fits well with other materials:,Boshqa materiallarga yaxshi mos keladi:,data\clean\en_uz\hplt\hplt_en_uz_10k_clean.csv,5,5
challenge_0092,time_date,Retrieved 13 December 2014. ↑ [Die in Afghanistan getötete Dolmetscherin aus Sachsen ist in ihrer Kirchgemeinde in Chemnitz-Wittgensdorf beigesetzt worden.,Qaraldi: 13-dekabr 2014-yil. ↑ [Die in Afghanistan getötete Dolmetscherin aus Sachsen ist in ihrer Kirchgemeinde in Chemnitz-Wittgensdorf beigesetzt worden.,data\clean\en_uz\public_5k_v1\public_candidates_scored.csv,19,18
challenge_0093,long,"They draw both matches by 2–2 and 0–0 respectively, but they lost due to the Away goals rule.","Ular ikkala o'yinda mos ravishda 2:2 va 0:0 hisobida durang o'ynashdi, biroq mehmondagi gollar qoidasi tufayli Angola ayollar milliy futbol terma jamoasi mag'lub bo'lishdi.",data\clean\en_uz\public_5k_v1\public_candidates_scored.csv,20,26
challenge_0094,negation,"In 1878, she met with President Rutherford B. Hayes, who expressed the opinion of most Americans at that time which was the U.S. would never again face a calamity like the Civil War.","1878-yilda u prezident Rutherford B. Hayes bilan uchrashadi, u o'sha paytdagi ko'pchilik amerikaliklarning fikrini bildirdi, bu AQSh fuqarolar urushi kabi falokatga boshqa hech qachon duch kelmaydi.",data\clean\en_uz\public_5k_v1\public_candidates_scored.csv,34,26
challenge_0095,entity,"SAFF Championship: 2010, 2012","SAFF chempionati : 2010-yil, 2012-yil",data\clean\en_uz\public_5k_v1\accepted_public_en_uz_5000.csv,4,4
challenge_0096,number,"Sırmalıoya (Kurdish: Evdalan) is a village in the Genç District, Bingöl Province, Turkey.[1] The village is populated by Kurds and had a population of 106 in 2021.[2][3]",Sırmalıoya – Turkiyaning Bingöl viloyati Genç tumaniga qarashli qishloq[1]. Qishloqda kurdlar istiqomat qiladi va 2021-yilda aholi soni 106 kishini tashkil qilgan[2][3].,data\clean\en_uz\public_5k_v1\public_candidates_scored.csv,30,23
challenge_0097,time_date,"This incident occurred on October 1, but the Pentagon did not provide further explanation.","Bu voqea 1 oktyabr kuni sodir bo'lgan, lekin Pentagon yanada tushuntirish bermadi.",data\clean\en_uz\hplt\hplt_en_uz_10k_clean.csv,14,12
challenge_0098,long,"Their ethos and sometimes their uniform were later copied by others who were influenced by Mussolini's fascism, some of which are listed below:","Qora kuylaklarning yurish turishlari ba'zan formalari keyinchalik Mussolini fashizmi ta'sirida bo'lgan boshqalar tomonidan ko'chirilgan, ulardan ba'zilari quyida keltirilgan:",data\clean\en_uz\public_5k_v1\public_candidates_scored.csv,23,18
challenge_0099,long,The official opening of the Resource center for human rights was held on 27 January 2011.,Inson huquqlari bo'yicha Resurs markazining rasmiy ochilish marosimi 2011 yil 27 yanvar kuni bo'lib o'tdi.,data\clean\en_uz\hplt\hplt_en_uz_10k_clean.csv,16,15
challenge_0100,long,"Csilla Molnár (1969–1986), beauty queen Ilona Győri (1929–2001), actress András Fodor (1929–1997), poet and essayist","Csilla Molnár (1969–1986), go'zallik qirolichasi Ilona Győri (1929–2001), aktrisa András Fodor (1929–1997), shoir va yozuvchi",data\clean\en_uz\public_5k_v1\accepted_public_en_uz_5000.csv,18,18
challenge_0101,number,He took part in the TV4-show called Fotbollsfabriken (The Football factory) which plotted the best 15-years old players in the academy of IF Brommapojkarna.,"Fotbollsfabriken (Futbol fabrikasi) deb nomlangan TV4 ko'rsatuvida ishtirok etdi, unda IF Brommapojkarna akademiyasining 15 yoshli eng yaxshi futbolchilari syujeti taqdim etildi.",data\clean\en_uz\public_5k_v1\public_candidates_scored.csv,24,21
challenge_0102,normal,"Counter-Strike is an objective-based, multiplayer tactical first-person shooter.","Counter-Strike - bu ob'ektivga asoslangan, ko'p o'yinchi taktik va birinchi shaxs otishmasidir .",data\clean\en_uz\public_5k_v1\public_candidates_scored.csv,8,11
challenge_0103,negation,"Since crowd animations on the PS2 version slowed down the framerate to an unplayable level in the testing phase, crowds were rendered as flat animated 2D bitmaps which, on certain angles, become unseen, making the stands appear empty; however, fully 3D-rendered crowds are present during cut-scenes.","PS2 versiyasidagi olomon animatsiyalari sinov bosqichida kadrlar tezligini o'ynab bo'lmaydigan darajaga tushirganligi sababli, olamon 2D animatsiyasida ko'rsatildi, ular ma'lum burchaklarda ko'rinmay qoladi va stendlar bo'sh ko'rinadi; ammo, kesilgan sahnalarda to'liq 3D-renderlangan olomon mavjud.",data\clean\en_uz\public_5k_v1\public_candidates_scored.csv,46,33
challenge_0104,time_date,"Search methods: We searched the Cochrane Central Register of Controlled Trials (CENTRAL) (The Cochrane Library 2014, Issue 1), MEDLINE (from 1948 to February 2014), trial registries and conference proceedings.","Qidiruv usullari: Biz Cochrane nazorat qilinadigan sinovlarning markaziy reestrini (CENTRAL) (Cochrane kutubxonasi 2014, 1 -son), MEDLINE (1948 yildan 2014 yil fevraligacha), sud registrlari va konferentsiya materiallarini qidirdik.",data\clean\en_uz\hplt\hplt_en_uz_10k_clean.csv,29,27
challenge_0105,long,"Yakaboyu is a köy (village) in Hafik District, Sivas Province, Turkey.[1] Its population is 231 (2022).[2]",Yakaboyu — Turkiyaning Sivas viloyati Hafik tumanidagi qishloq[1]. Aholisi 231 nafar (2022)[2].,data\clean\en_uz\public_5k_v1\accepted_public_en_uz_5000.csv,18,13
challenge_0106,number,In his NHL career he played in 16 regular season games scoring one goal and two assists.,"NHLdagi karerasida u 16 ta muntazam o'yinda maydonga tushib, bitta gol va ikkita golli uzatmani amalga oshirdi.",data\clean\en_uz\public_5k_v1\public_candidates_scored.csv,17,17
challenge_0107,normal,This category Business_and_Corporate_Law in other languages:,This category Biznes_va_iqtisodiyot in other languages:,data\clean\en_uz\hplt\hplt_en_uz_10k_clean.csv,6,6
challenge_0108,entity,"On October 18, 2016, Feldstein's casting as Minnie Fay in the 2017 Broadway production of Hello, Dolly! starring Bette Midler was announced.","2016-yil 18-oktabrda Feldstein 2017-yilda Broadveyda ""Salom, Dolli"" filmida Minni Fey rolini o'ynadi. Bosh rolni Bette Midler ijro etgani e'lon qilindi.",data\clean\en_uz\public_5k_v1\public_candidates_scored.csv,22,20
challenge_0109,normal,Video game publishing is associated with high risk:,Videoo'yin ishlab chiqarish ko'pincha yuqori xavf bilan bog'langan:,data\clean\en_uz\public_5k_v1\public_candidates_scored.csv,8,8
challenge_0110,entity,"After two years apart, the Wagners announced that they were working through their problems and privately reconciling; they publicized their news of formal reconciliation in 2004.","Ikki yil ajrimdan so'ng, Vagnerlar o'z muammolari bilan shug'ullanayotganliklarini va shaxsiy yarashishlarini e'lon qilishdi. Ular 2004-yilda rasmiy yarashuv haqidagi xabarlarini e'lon qilishdi.",data\clean\en_uz\public_5k_v1\public_candidates_scored.csv,26,22
challenge_0111,long,"An MRI following the injury revealed that she had a tumor (a lumbar spinal schwannoma) in her spine, which posed a serious risk of permanent paralysis.","Jarohatdan keyingi MRT tekshiruvida uning umurtqa pog'onasida o'sma (bel orqa miya shvannomasi) aniqlangan, bu esa doimiy falaj bo'lib qolish xavfini tug'dirgan.",data\clean\en_uz\public_5k_v1\public_candidates_scored.csv,26,21
challenge_0112,entity,Malenchenko removed and replaced a failed electrical circuit box and together with Whitson removed the active Common Berthing Mechanism cover that was located at the outboard end of Harmony.,Malenchenko ishlamay qolgan elektr zanjiri qutisini olib tashladi va almashtirdi. Uitson bilan birgalikda Harmony'ning tashqi uchida joylashgan faol Common Bething Mechanism qopqog'ini olib tashladi.,data\clean\en_uz\public_5k_v1\public_candidates_scored.csv,29,24
challenge_0113,entity,"Three weeks after the release of Pakeezah, Meena Kumari became seriously ill.","Pakeezah ozod etilganidan uch hafta o'tgach, Meena Kumari jiddiy kasal bo'lib qoldi.",data\clean\en_uz\public_5k_v1\public_candidates_scored.csv,12,12
challenge_0114,entity,"Happiness (Korean: 해피니스; RR: Haepiniseu) is a South Korean television series starring Han Hyo-joo, Park Hyung-sik, and Jo Woo-jin, produced by Studio Dragon.","Baxt ( Korean ) — Studio Dragon tomonidan ishlab chiqarilgan Xan Xyo-ju, Park Xyon-sik va Jo Vu-jin ishtirok etgan Janubiy Koreya teleseriali .",data\clean\en_uz\public_5k_v1\public_candidates_scored.csv,23,19
challenge_0115,entity,"Born in Manchester, Iqbal joined the Manchester United youth system aged nine.","Manchesterda tug'ilgan Iqbal to'qqiz yoshida ""Manchester United"" yoshlar tizimiga qo'shildi.",data\clean\en_uz\public_5k_v1\public_candidates_scored.csv,12,10
challenge_0116,time_date,"In March 2007, What Car? reported the car would première at the 2008 British International Motor Show.","2007-yil mart oyida "" Nima mashina? avtomobil 2008-yilda Britaniya xalqaro avtosalonida premerasi bo'lishini xabar qildi.",data\clean\en_uz\public_5k_v1\public_candidates_scored.csv,17,14
challenge_0117,long,"Invited by President Tubman, the caliph arrived at the Roberts International Airport, just outside the nation's capital, Monrovia, for a two-day visit on April 29, 1970.",Prezident Tubman tomonidan taklif qilingan xalifa 1970-yil 29-aprelda ikki kunlik tashrif bilan mamlakat poytaxti Monroviya tashqarisidagi Roberts xalqaro aeroportiga keldi.,data\clean\en_uz\public_5k_v1\public_candidates_scored.csv,26,20
challenge_0118,entity,"On June 28, 2018, at the Academy of the Ministry of Internal Affairs a presentation of the manuals ""Prevention inspector is a public servant"" and ""Preventaion inspector is in public...",2018 yil 28 iyun kuni Ichki ishlar vazirligi Akademiyasida Akademiya boshlig'i general-leytenant B.A.,data\clean\en_uz\hplt\hplt_en_uz_10k_clean.csv,30,14
challenge_0119,time_date,"Chynna Gilliam Phillips (born February 12, 1968)[1][2] is an American singer and actress, and a member of the vocal group Wilson Phillips.","Chynna Gilliam Phillips (1968-yil 12-fevralda tugʻilgan)[1][2] — amerikalik qoʻshiqchi va aktrisa, Wilson Phillips vokal guruhi aʼzosi.",data\clean\en_uz\public_5k_v1\accepted_public_en_uz_5000.csv,24,17
challenge_0120,time_date,"The film was released in the United States on November 11, 2016, and in France on November 30, 2016, by EuropaCorp.","Film EuropaCorp tomonidan ilk marotaba AQShda 2016-yil 11-noyabrda, Fransiyada esa 2016-yil 30-noyabrda namoyish etilgan.",data\clean\en_uz\public_5k_v1\public_candidates_scored.csv,21,14
challenge_0121,normal,Spook gave a quick signal to the player and team did bank.,Spook futbolchi uchun tez signal berdi va jamoa bank qildi.,data\clean\en_uz\hplt\hplt_en_uz_10k_clean.csv,12,10
challenge_0122,time_date,"Marc-André Fleury (born November 28, 1984) is a Canadian professional ice hockey goaltender for the Minnesota Wild of the National Hockey League (NHL).","Marc-André Fleury (1984-0yil 28-noyabrda tug'ilgan) - Kanadalik professional xokkey darvozaboni, Milliy Xokkey Ligasining (NHL) Minnesota Wild jamoasi uchun.",data\clean\en_uz\public_5k_v1\accepted_public_en_uz_5000.csv,23,17
challenge_0123,negation,"Diario AS (in Spanish). Retrieved 26 October 2012. ↑ Navarro, Javier (19 March 2011). ""Poli Ejido: Julio Velázquez también dimitió y ya no es entrenador del Poli Ejido"" [Poli Ejido: Julio Velázquez also resigned and is no longer manager of Poli Ejido].","Qaraldi: 26-oktabr 2012-yil. ↑ Navarro, Javier. „Poli Ejido: Julio Velázquez también dimitió y ya no es entrenador del Poli Ejido""(isp.), Ideal (19-mart 2011-yil).",data\clean\en_uz\public_5k_v1\public_candidates_scored.csv,41,23
challenge_0124,time_date,Football Italia. 1 February 2020.,Football Italia (1-fevral 2020-yil).,data\clean\en_uz\public_5k_v1\public_candidates_scored.csv,5,4
challenge_0125,normal,Unresolved issues continue to pose challenges for both countries.,Yechilmagan muammolar har ikki davlat uchun ham muammolar tug'dirmoqda.,data\clean\en_uz\public_5k_v1\public_candidates_scored.csv,9,9
challenge_0126,number,The village is located 38 km north of Trichy.,Qishloq Trichy shahridan 38 km shimolda joylashgan.,data\clean\en_uz\public_5k_v1\accepted_public_en_uz_5000.csv,9,7
challenge_0127,long,"The next day, it was announced that all parties had reached an agreement for his loan.",Ertasi kuni barcha tomonlar uning narxi bo'yicha kelishuvga erishgani ma'lum bo'ldi.,data\clean\en_uz\public_5k_v1\public_candidates_scored.csv,16,11
challenge_0128,time_date,"Retrieved 20 April 2021. ↑ ""Ünlü şarkıcı Ebru Gündeş ile Reza Zarrab'ın 11 yıllık evliliği resmen sona erdi"".","Qaraldi: 20-aprel 2021-yil. ↑ „Ünlü şarkıcı Ebru Gündeş ile Reza Zarrab'ın 11 yıllık evliliği resmen sona erdi""(aniqlanmagan).",data\clean\en_uz\public_5k_v1\public_candidates_scored.csv,17,17
challenge_0129,number,"At the 2006 census, its population was 881, in 237 families.[2]","2006-yilgi aholini ro'yxatga olish ma'lumotlariga ko'ra, Bala Afrakoti aholisi 881 nafarni tashkil qilib, ular 237 ta oiladan iborat bo'lgan[2]",data\clean\en_uz\public_5k_v1\public_candidates_scored.csv,12,20
challenge_0130,long,Junco retired with the career record of 405 home runs (later surpassed by Orestes Kindelán).,Junko nafaqaga chiqdi (keyinchalik Orestes Kindelandan o'zib ketdi) 405 uy yugurish rekordi bilan.,data\clean\en_uz\public_5k_v1\public_candidates_scored.csv,15,13
challenge_0131,number,"Retrieved July 8, 2018. ↑ ""Athlete Profile - Chris BOURQUE"". pyeongchang2018.com.","Qaraldi: 8-iyul 2018-yil. ↑ „Athlete Profile - Chris BOURQUE"". pyeongchang2018.com.",data\clean\en_uz\public_5k_v1\accepted_public_en_uz_5000.csv,10,9
challenge_0132,long,"Halil Rural District (Persian: دهستان هليل) is in the Central District of Jiroft County, Kerman province, Iran.",Halil qishloq okrugi(forscha: دهستان هليل)Eronning Kirmon viloyati Jiroft tumaniga qarasli tumandir.,data\clean\en_uz\public_5k_v1\public_candidates_scored.csv,17,13
challenge_0133,negation,"Vol. 94, no. 42. p. 55.","94-jild, No 42. 55-bet.",data\clean\en_uz\public_5k_v1\public_candidates_scored.csv,6,4
challenge_0134,entity,He lost in the final of Rimouski to his friend Kristian Pless.,Keyingi haftada u finalda Julien Janpierga yutqazdi.,data\clean\en_uz\public_5k_v1\public_candidates_scored.csv,12,7
challenge_0135,negation,"Country Insufficient Sufficient Satisfactory Good Excellent Austria 5 4 3 2 1 Germany 5, 6 4-, 4, 4+, 3.7 3-, 3, 3.3, 3+, 2.7 2-, 2, 2.3, 2+, 1.7 1-, 1, 1+, 1.3 Italy 0-17 18-20 21-24 25-27 28-30 LODE Serbia <50(not passing) 51-60(6) 61-70(7) 71-80(8) 81-100(9)(10)","Mamlakat Yetarli emas Yetarli Qoniqarli Yaxshi Ajoyib Avstriya 5 4 3 2 1 Germaniya 5, 6 4-, 4, 4+, 3.7 3-, 3, 3.3, 3+, 2.7 2-, 2, 2.3, 2+, 1.7 1-, 1, 1+, 1.3 Italiya 0-17 18-20 21-24 25-27 28-30 LODE Serbiya <50 (o'tmaydi) 51-60(6) 61-70(7) 71-80(8) 81-100(9)(10)",data\clean\en_uz\public_5k_v1\public_candidates_scored.csv,59,59
challenge_0136,long,"I would say if you've tried to build yourself up at work or in business, it's like things haven't worked out for a long time.","Agar siz ishda yoki biznesda o'zingizni qurishga harakat qilgan bo'lsangiz, bu narsalar uzoq vaqtdan beri ishlamaganga o'xshaydi.",data\clean\en_uz\hplt\hplt_en_uz_10k_clean.csv,25,17
challenge_0137,normal,This command is an alias of 'rdp_check.py'.,Ushbu buyruq taxallus 'rdp_check.py'.,data\clean\en_uz\public_5k_v1\public_candidates_scored.csv,8,5
challenge_0138,normal,"Examples of edible lichen, grouped by their families, include:",O'z oilalari bo'yicha guruhlangan yeyish mumkin bo'lgan lishayniklarga misollar:,data\clean\en_uz\public_5k_v1\public_candidates_scored.csv,9,9
challenge_0139,entity,"A native of White Rock, British Columbia, Young spent five seasons of major junior hockey in the Western Hockey League and the Ontario Hockey League.",Britaniya Kolumbiyasining White Rock shahrida tug'ilgan Young G'arbiy Xokkey Ligasi va Ontario Xokkey Ligasida besh mavsumni o'smirlar xokkey jamoasida o'tkazgan.,data\clean\en_uz\public_5k_v1\public_candidates_scored.csv,25,20
challenge_0140,entity,Now click the CREATE-button next to the Wikipedia search box and your new subpage will be created for you.,Endi Vikipediya qidiruv maydoni yonidagi YARATISH tugmasini bosing va sizning yangi pastki sahifangiz siz uchun yaratiladi.,data\clean\en_uz\public_5k_v1\public_candidates_scored.csv,19,16
challenge_0141,entity,"Due to the size and strength of the American Bully, legal controls on the ownership of the breed exist in several countries.","American Bullyning kattaligi va kuchi tufayli, bir nechta mamlakatlarda turga egalik qilish bo'yicha qonuniy nazorat mavjud.",data\clean\en_uz\public_5k_v1\public_candidates_scored.csv,22,16
challenge_0142,number,"SAH ARCHIPEDIA. July 17, 2018.",SAH ARCHIPEDIA (17-iyul 2018-yil).,data\clean\en_uz\public_5k_v1\public_candidates_scored.csv,5,4
challenge_0143,negation,It also breeds but does not winter from southern Chile and Argentina south to Tierra del Fuego and occasionally on the Falkland Islands.,"U shuningdek, Chili va Argentina janubidan Tierra del Fuegogacha va vaqti-vaqti bilan Folklend orollarida ko'payadi, lekin qishda qolishmaydi.",data\clean\en_uz\public_5k_v1\public_candidates_scored.csv,23,18
challenge_0144,entity,Çavuşköy is a village in the Refahiye District of Erzincan Province in Turkey.[1][2] Its population is 47 (2022).[3],Chavushkoʻy — Turkiyaning Erzinjon viloyati Refahiye tumaniga qarashli qishloq[1] [2]. Aholisi 47 nafar (2022)[3].,data\clean\en_uz\public_5k_v1\public_candidates_scored.csv,21,15
challenge_0145,time_date,"Archived from the original on August 8, 2014.",8-avgust 2014-yilda asl nusxadan arxivlandi.,data\clean\en_uz\public_5k_v1\public_candidates_scored.csv,8,5
challenge_0146,entity,"It was the first collaboration between Colunga and Gamboa, who both later work in La usurpadora (1998).","Bu Colunga va Gamboa o'rtasidagi birinchi hamkorlik edi, ular keyinchalik La usurpadorada(1998-yil) ishlashni boshlaydi.",data\clean\en_uz\public_5k_v1\public_candidates_scored.csv,17,15
challenge_0147,time_date,As of match played 11 November 2022,2022-yil 11-noyabr holatiga ko'ra:,data\clean\en_uz\public_5k_v1\public_candidates_scored.csv,7,4
challenge_0148,entity,List of tallest buildings in Russia List of tallest buildings in Europe List of twisted buildings,Rossiyadagi eng baland binolar ro'yxati Yevropadagi eng baland binolar ro'yxati O'ralgan binolar ro'yxati,data\clean\en_uz\public_5k_v1\public_candidates_scored.csv,16,13
challenge_0149,number,Charles Brian Cox CBE (5 September 1928 – 24 April 2008) was an English academic and poet.[1],Charles Brian Cox CBE (5 sentabr 1928 - 24 aprel 2008) ingliz olim va shoir edi[1].,data\clean\en_uz\public_5k_v1\public_candidates_scored.csv,17,16
challenge_0150,negation,"In 2020, Boehmer signed a homegrown contract with the Whitecaps, but he did not make an appearance with the first team in 2020 or 2021.","2020-yilda Boehmer ""Whitecaps"" bilan uy shartnoma imzoladi, ammo u 2020 yoki 2021-yillarda asosiy jamoa bilan maydonga tushmadi.",data\clean\en_uz\public_5k_v1\public_candidates_scored.csv,25,17
challenge_0151,long,"National team coach, Danny Blind, called De Ligt up for the national team despite having only started two league games for Ajax.","Milliy terma jamoa bosh murabbiyi Denni Blind De Ligtni ""Ayaks"" safida bor-yo'g'i ikkita liga o'yinini boshlaganiga qaramay, terma jamoaga chaqirdi.",data\clean\en_uz\public_5k_v1\public_candidates_scored.csv,22,20
challenge_0152,number,"Naime Sultan in 1882, aged seven",Naima Sulton. 1882-yilda yetti yoshda,data\clean\en_uz\public_5k_v1\public_candidates_scored.csv,6,5
challenge_0153,entity,"Retrieved 25 April 2021. ↑ ""The special bond between Arizona's Adia Barnes and Aari McDonald, who believed in each other"".","Qaraldi: 25-aprel 2021-yil. ↑ „The special bond between Arizona's Adia Barnes and Aari McDonald, who believed in each other"".",data\clean\en_uz\public_5k_v1\accepted_public_en_uz_5000.csv,19,18
challenge_0154,long,"Her 400-meter split was 4:04.34, a personal best for Ledecky in that distance, and would have placed fifth in the individual 400-meter freestyle.","Uning 400 metrga bo'linishi 4:04,34 ni tashkil etdi, bu Ledecky uchun bu masofadagi shaxsiy eng yaxshisi va 400 metrga erkin usulda beshinchi o'rinni egallagan bo'lardi.",data\clean\en_uz\public_5k_v1\public_candidates_scored.csv,25,27
challenge_0155,number,"Eveyikli is a village in Devrek District, Zonguldak Province, Turkey.[1]",Eveyikli — Turkiyaga qarashli Zonguldak viloyati Devrek tumanidagi qarashli qishloq[1].,data\clean\en_uz\public_5k_v1\public_candidates_scored.csv,11,10
challenge_0156,negation,He played many games for the reserve team but did not break into the first team.,"U o'rinbosarlar tarkibida ko'p o'yin o'tkazdi, lekin asosiy tarkibga kira olmadi.",data\clean\en_uz\public_5k_v1\public_candidates_scored.csv,16,11
challenge_0157,negation,"Dunster was unique among Harvard dormitories for its sixth-story walk-up (it had no elevators); these rooms were originally rented by poorer students, such as Norman Mailer.","Dunster Garvard yotoqxonalari orasida oltinchi qavatli yurishi bilan noyob edi (uning liftlari yo'q edi), Bu xonalar dastlab Norman Mailer kabi kambag'al talabalar tomonidan ijaraga olingan.",data\clean\en_uz\public_5k_v1\public_candidates_scored.csv,26,25
challenge_0158,entity,"After merging with the villages of Koide and Innai on March 31, 1955 it was renamed Nikaho town.",1955-yil 31-martda Koide va Innai qishloqlari bilan birlashgandan so'ng uning maqomi Nikaho shahriga o'zgartirildi.,data\clean\en_uz\public_5k_v1\public_candidates_scored.csv,18,14
challenge_0159,negation,It is no longer up to you to adapt to the digital display system but it's the digital display system that has to adapt to you!,"Endi raqamli displey tizimiga moslashish sizga bog'liq emas, balki sizga moslashish kerak bo'lgan raqamli displey tizimi!",data\clean\en_uz\hplt\hplt_en_uz_10k_clean.csv,26,16
challenge_0160,normal,"You can create icons, animations and other interesting things with this program.","Ushbu dastur yordamida ikonkalar, animatsiyalar va boshqa qiziqarli narsalarni yaratishingiz mumkin.",data\clean\en_uz\hplt\hplt_en_uz_10k_clean.csv,12,11
challenge_0161,normal,Shahin had a number of beys executed while courting the common people.,Shohin oddiy xalq bilan ovora bo'lganida bir qancha beklarni qatl etgan.,data\clean\en_uz\public_5k_v1\public_candidates_scored.csv,12,11
challenge_0162,normal,I loved these people.,Men bu odamlarni yaxshi ko'rardim.,data\clean\en_uz\public_5k_v1\accepted_public_en_uz_5000.csv,4,5
challenge_0163,number,"Retrieved 8 June 2011. ↑ ""UFFICIALE: Tritium, acquistato Floriano"". TMW (in Italian). 15 July 2010.","Qaraldi: 8-iyun 2011-yil. ↑ „UFFICIALE: Tritium, acquistato Floriano"" (Italian), TMW (15-iyul 2010-yil).",data\clean\en_uz\public_5k_v1\accepted_public_en_uz_5000.csv,14,11
challenge_0164,number,"Year Team GP GS MPG FG% 3P% FT% RPG APG SPG BPG TO PPG 1997† Houston 2 2 38.0 .227 .214 .750 4.5 2.0 3.0 0.0 4.5 8.0 1998† Houston 5 5 36.4 .375 .375 .417 3.2 5.0 1.6 0.0 3.4 8.2 Career 2 years, 1 team 7 7 36.9 .323 .300 .500 3.6 4.1 2.0 0.0 3.7 8.1","Yil Jamoa GP GS MPG FG% 3P% FT% RPG APG SPG BPG TO PPG 1997† Houston 2 2 38.0 .227 .214 .750 4.5 2.0 3.0 0.0 4.5 8.0 1998† Houston 5 5 36.4 .375 .375 .417 3.2 5.0 1.6 0.0 3.4 8.2 Karyera 2 yil, 1 jamoa 7 7 36.9 .323 .300 .500 3.6 4.1 2.0 0.0 3.7 8.1",data\clean\en_uz\public_5k_v1\accepted_public_en_uz_5000.csv,80,80
challenge_0165,time_date,"Retrieved 4 September 2021. ↑ ""Britain's Alfie Hewett cleared to continue in wheelchair tennis"".","Qaraldi: 4-sentabr 2021-yil. ↑ „Britain's Alfie Hewett cleared to continue in wheelchair tennis"".",data\clean\en_uz\public_5k_v1\accepted_public_en_uz_5000.csv,13,12
challenge_0166,time_date,"In May 1993, the first generation W202 C-Class was introduced as a replacement for the 190.",1993-yil may oyida birinchi avlod W202 C-Class 190 o'rniga taqdim etildi.,data\clean\en_uz\public_5k_v1\public_candidates_scored.csv,16,11
challenge_0167,number,"In 1516, France and Switzerland signed a Treaty of Perpetual Peace (« paix perpétuelle »).",1516-yilda Fransiya va Shveytsariya abadiy tinchlik shartnomasini imzoladilar («paix perpétuelle»).,data\clean\en_uz\public_5k_v1\accepted_public_en_uz_5000.csv,13,10
challenge_0168,long,Its key features are a 73-metre-high (240 ft) minaret and a 16-pointed star concrete main roof.,Uning asosiy xususiyatlari 73-metre-high (240 fut) minora va 16 qirrali yulduzli beton asosiy tom.,data\clean\en_uz\public_5k_v1\public_candidates_scored.csv,16,14
challenge_0169,normal,These functions develop in early childhood.,Bu funktsiyalar erta bolalik davrida rivojlanadi.,data\clean\en_uz\public_5k_v1\public_candidates_scored.csv,6,6
challenge_0170,negation,"She is not afraid of snow, rain, insects, rodents, water, or heat.","U qor, yomg'ir, hashoratlar, kemiruvchilar, suv yoki issiqdan qo'rqmaydi.",data\clean\en_uz\hplt\hplt_en_uz_10k_clean.csv,12,9
challenge_0171,negation,"Some inscriptions represent numbers or cyclical characters, but many have not been deciphered.","Ba'zi yozuvlar raqamlar yoki tsiklik belgilarni ifodalaydi, ammo ko'plari shifrlanmagan.",data\clean\en_uz\public_5k_v1\public_candidates_scored.csv,13,10
challenge_0172,entity,Andrea Sabatini or Andrea da Salerno) was an Italian painter of the Renaissance.,Andrea Sabatini yoki Andrea da Salerno ) - Uyg'onish davrida ijod qilgan italyan rassomi .,data\clean\en_uz\public_5k_v1\public_candidates_scored.csv,13,12
challenge_0173,normal,New schools and a health center have been built in the last few years.,"So'nggi bir necha yil ichida yangi maktablar, sog'lomlashtirish punkti qurildi.",data\clean\en_uz\public_5k_v1\public_candidates_scored.csv,14,10
challenge_0174,entity,"Retrieved 2008-08-07. ↑ Frosch, Dan (2007-04-20).","Olingan 2008-08-07. Frosch, Dan (2007-04-20).",data\clean\en_uz\public_5k_v1\public_candidates_scored.csv,5,5
challenge_0175,entity,Aizumisato has a Humid continental climate (Köppen Dfb) characterized by warm summers and cold winters with heavy snowfall.,"Aizumisato nam kontinental iqlimga ega, yozi issiq va qishi qattiq qor yog'ishi bilan ajralib turadi.",data\clean\en_uz\public_5k_v1\public_candidates_scored.csv,18,15
challenge_0176,long,"Retrieved 18 October 2021. ↑ ""Vijay Antony-CS Amudhan film titled Ratham"". ↑ ""EXCLUSIVE! Director Vijay Milton reveals the story of Vijay Antony's 'Mazhai Pidikatha Manithan' - Times of India"".","Qaraldi: 18-oktabr 2021-yil. ↑ „Vijay Antony-CS Amudhan film titled Ratham"". ↑ „EXCLUSIVE!",data\clean\en_uz\public_5k_v1\public_candidates_scored.csv,26,10
challenge_0177,number,"Karshayt is a village in Dhofar Governorate, in southwestern Oman.[1]","Karshayt — Ummon sultonligining janubi-gʻarbiy qismida, Dofar gubernatorligida joylashgan qishloq[1].",data\clean\en_uz\public_5k_v1\public_candidates_scored.csv,11,10
challenge_0178,time_date,"Retrieved 27 March 2017. ↑ ""Deutsche Post DHL reports ""record earnings"" for 2016"".","Qaraldi: 27-mart 2017-yil. ↑ „Deutsche Post DHL reports ""record earnings"" for 2016"".",data\clean\en_uz\public_5k_v1\accepted_public_en_uz_5000.csv,12,11
challenge_0179,normal,The motor is integrated in the rear wheel.,Dvigatel orqa g'ildirakda o'rnatilgan.,data\clean\en_uz\hplt\hplt_en_uz_10k_clean.csv,8,4
challenge_0180,number,2.higher thermal efficiency,2. yuqori issiqlik samaradorligi,data\clean\en_uz\hplt\hplt_en_uz_10k_clean.csv,4,4
challenge_0181,long,During the operation of the Dukla Coal Mine more than 100 million tons of coal were mined.,Dukla ko'mir konining ishlashi davomida 100 million tonnadan ortiq ko'mir qazib olindi.,data\clean\en_uz\public_5k_v1\public_candidates_scored.csv,17,12
challenge_0182,entity,"Although he survived the incident, his health deteriorated a few months later and he died early morning on 12 September 1921 at around 1 am.","U bu voqeadan omon qolgan bo'lsa-da, bir necha oy o'tgach, uning sog'lig'i yomonlashdi va u 1921 - yil 12 -sentyabrda , tungi soat 1 larda vafot etdi.",data\clean\en_uz\public_5k_v1\public_candidates_scored.csv,25,25
challenge_0183,time_date,The search was conducted in October 2011 and was last updated in February 2014.,Qidiruv 2011 yil oktyabr oyida o'tkazilgan va oxirgi marta 2014 yil fevral oyida yangilangan.,data\clean\en_uz\hplt\hplt_en_uz_10k_clean.csv,14,14
challenge_0184,negation,* The library does not work on public holidays and sanitary days (the last business day of the month).,Kutubxona davlat bayramlari kunlarida va sanitariya kunlarida (har oyning oxirgi kuni) ishlamaydi.,data\clean\en_uz\hplt\hplt_en_uz_10k_clean.csv,18,12
challenge_0185,number,However he could not play at all in the match in 2000 and the club was relegated to J2 League from 2001.,Ammo u 2000-yilgi o'yinda umuman o'yinga tushmagan va komandasi 2001-yilgi mavsumda J2 ligasiga tushib ketgan.,data\clean\en_uz\public_5k_v1\public_candidates_scored.csv,22,15
challenge_0186,long,"Her first of the year came in March in Tenerife, Spain, along with Margit Rüütel.",Uning birinchi yili mart oyida Ispaniyaning Tenerife shahrida Margit Rüütel bilan birga keladi.,data\clean\en_uz\public_5k_v1\public_candidates_scored.csv,15,13
challenge_0187,normal,In her free time she does motivational speaking.,Bo'sh vaqtida u motivatsion nutq bilan shug'ullanadi.,data\clean\en_uz\public_5k_v1\public_candidates_scored.csv,8,7
challenge_0188,long,"Actual observance varies in different parts of the United States, ranging from large-scale parades and events to complete nonobservance.","Kolum kuni AQSHning turli shtatlarida turlicha ko'rinishda nishonlanadi. Ba'zi shtatlarda ushbu kun katta paradlar o'tkaziladi, boshqalarida bo'lsa oddiyroq ruhda o'tadi.",data\clean\en_uz\public_5k_v1\public_candidates_scored.csv,19,20
challenge_0189,number,"Retrieved 11 February 2014. ↑ ""Edu Bedia, nuevo fichaje para el Barça B"" [Edu Bedia, new signing for Barça B] (in Spanish).","Qaraldi: 11-fevral 2014-yil. ↑ „Edu Bedia, nuevo fichaje para el Barça B"" (es).",data\clean\en_uz\public_5k_v1\public_candidates_scored.csv,21,12
challenge_0190,time_date,"On 11 January 2006, Janse made his debut under the leadership of coach Kees Zwamborn in the match against Heracles Almelo.",2006-yil 11-yanvarda Janse murabbiy Kees Zwamborn boshchiligida Herakles Almeloga qarshi o'yinda debyut qildi.,data\clean\en_uz\public_5k_v1\accepted_public_en_uz_5000.csv,21,13
challenge_0191,time_date,"In May 1501, he proceeded by slow marches on the road to Bukhara while Shaybani advancing in the opposite direction encamped about four miles from him.","1501-yilning may oyida Buxoro yoʻlida Shayboniy qarama-qarshi tomonga qarab oʻtib, undan toʻrt chaqirimcha uzoqlikda qarorgoh qurdi.",data\clean\en_uz\public_5k_v1\public_candidates_scored.csv,26,16
challenge_0192,long,"One important fact about Badagaon in terms of education is it have more than 200 professionals in town like Software Engineers,Doctors,Chartered Accounted,Civil & Mechanical Engineers etc.","Badagaon haqida ta'lim nuqtai nazaridan muhim faktlardan biri shundaki, u shaharda dasturiy ta'minot muhandislari, shifokorlar, ustav hisobi, qurilish, mexanik muhandislar va boshqalar kabi 200 dan ortiq mutaxasislarga ega.",data\clean\en_uz\public_5k_v1\public_candidates_scored.csv,28,28
challenge_0193,number,"In 1982, Glenn Rinker left WPLG, and was replaced by Mike Schneider.",1982-yilda Glenn Rinker WPLGni tark etdi va uning o'rniga Mayk Shnayder ishga keldi.,data\clean\en_uz\public_5k_v1\accepted_public_en_uz_5000.csv,12,13
challenge_0194,negation,"Despite this, a women's football league or national team was not established until the beginning of the 21st century.","Shunga qaramay, Suriyada XXI asr boshlariga qadar ayollar futbol ligasi yoki milliy terma jamoasi tashkil etilmagan.",data\clean\en_uz\public_5k_v1\public_candidates_scored.csv,19,16
challenge_0195,negation,"According to the law of Finland, the unifying municipalities must have a land connection between them, which Savoninna and Savonranta did not have.","Finlyandiya qonuniga ko'ra, birlashtiruvchi munitsipalitetlar Savonlinna va Savonranta o'rtasida bo'lmagan er aloqasiga ega bo'lishi kerak.",data\clean\en_uz\public_5k_v1\public_candidates_scored.csv,23,15
challenge_0196,time_date,"In September 2010 he recorded an ""electrifying"" win over the Ukrainian Yuri Voronin in front of an Ulster Hall crowd which included Daniel Day-Lewis.","2010-yil sentabrida u Ulster zalidagi olomon oldida ukrainalik Yuriy Voronin ustidan g'alaba qozondi, jumladan Daniel Day-Lewis .",data\clean\en_uz\public_5k_v1\public_candidates_scored.csv,24,16
challenge_0197,time_date,"Retrieved 5 June 2014. ↑ ""Klaassen: Talent van het Jaar"".","Qaraldi: 5-iyun 2014-yil. ↑ „Klaassen: Talent van het Jaar"".",data\clean\en_uz\public_5k_v1\accepted_public_en_uz_5000.csv,9,8
challenge_0198,long,The Atlas bear's ecology is presumed to be similar to that of the other brown bears.,"Atlas ayiqlarining ekologiyasi boshqa jigarrang ayiqlarnikiga o'xshash deb taxmin qilinadi. Ma'lum bo'lishicha, u ildizlar, boshoqli ekinlar va yong'oqlar bilan oziqlangan.",data\clean\en_uz\public_5k_v1\public_candidates_scored.csv,16,20
challenge_0199,long,For three years she wrote stories for the opinion magazine HP/De Tijd and until September 2010 also for the free newspaper De Pers.,Uch yil davomida u HP/De Tijd fikr jurnali va 2010-yilning sentyabrigacha bepul De Pers gazetasi uchun hikoyalar yozgan.,data\clean\en_uz\public_5k_v1\accepted_public_en_uz_5000.csv,24,19
challenge_0200,entity,The University awarded Gish the honorary degree of Doctor of Performing Arts the next day.,Ertasi kuni universitet Gishga sahna san'ati doktori faxriy darajasini berdi.,data\clean\en_uz\public_5k_v1\public_candidates_scored.csv,15,10
challenge_0201,negation,There is no male character in the film except for a silhouette in one scene.,Filmda bitta sahnadagi siluetdan boshqa erkak qahramon yo'q.,data\clean\en_uz\public_5k_v1\public_candidates_scored.csv,15,8
challenge_0202,time_date,The Israeli Network via YouTube. 22 December 2014.,The Israeli Network via YouTube (22-dekabr 2014-yil).,data\clean\en_uz\public_5k_v1\public_candidates_scored.csv,8,7
challenge_0203,number,"In 2005, he joined Schalke 04.","2005-yilda u "" Shalke 04""ga o'tdai .",data\clean\en_uz\public_5k_v1\public_candidates_scored.csv,6,6
challenge_0204,long,"He began his career in 1995 as a specialist in the International Accounts Department of Joint-Stock Commercial Bank ""Uzmevasabzavotbank"".","Mehnat faoliyatini 1995 yili Aktsiyadorlik tijorat ""O'zmevasabzavot"" bankining xalqaro hisob-kitoblar boshqarmasida mutaxassis sifatida boshlagan.",data\clean\en_uz\hplt\hplt_en_uz_10k_clean.csv,19,14
challenge_0205,negation,An Estonian certificate of return may be issued to an Estonian citizen who has no valid Estonian document if the issue of such document is in the public interest.,"Qaytish to'g'risidagi Estoniya guvohnomasi, agar bunday hujjatning chiqarilishi jamoat manfaatlariga mos keladigan bo'lsa, haqiqiy Estoniya hujjatiga ega bo'lmagan Estoniya fuqarosiga berilishi mumkin.",data\clean\en_uz\public_5k_v1\public_candidates_scored.csv,29,22
challenge_0206,number,"Brazil stopped producing the Fusca in 1997, and Mexico became the sole producer until 2003.",1997 yilda Braziliya Fuska ishlab chiqarishni to'xtatdi va Meksika 2003 yilgacha yagona ishlab chiqaruvchi bo'lib qoldi.,data\clean\en_uz\public_5k_v1\accepted_public_en_uz_5000.csv,15,16
challenge_0207,entity,Day Date Weight classes Preliminaries Final Block Men Women 1 6 October 60 kg 48 kg 10:30 17:00 2 7 October 66 kg 52 kg 3 8 October 73 kg 57 kg 10:00 4 9 October 81 kg 63 kg 5 10 October 90 kg 70 kg 6 11 October 100 kg 78 kg 11:00 7 12 October +100 kg +78 kg 8 13 October Mixed team 9:30,Kun Sana Og'irlik toifalari Dastlabki o'yinlar Yakuniy o'yin Erkaklar Ayollar 1 6-oktyabr 60 kg 48 kg 10:30 17:00 2 7-oktyabr 66 kg 52 kg 3 8-oktyabr 73 kg 57 kg 10:00 4 9-oktyabr 81 kg 63 kg 5 10-oktyabr 90 kg 70 kg 6 11-oktyabr 100 kg 78 kg 11:00 7 12-oktyabr +100 kg +78 kg 8 13-oktyabr Aralash jamoaviy 9:30,data\clean\en_uz\public_5k_v1\public_candidates_scored.csv,73,66
challenge_0208,negation,"She begged him to stop but, despite his confession of love, he told her he couldn't.","U undan toʻxtashini iltimos qildi, lekin sevgisini tan olishiga qaramay, u buni qila olmasligini aytdi.",data\clean\en_uz\public_5k_v1\public_candidates_scored.csv,16,15
challenge_0209,time_date,"In April 2009, Volkswagen AG announced plans to build a new compact family vehicle in Slovakia.",2009-yil aprel oyida Volkswagen AG Slovakiyada yangi ixcham oilaviy avtomobil yaratish rejalarini e'lon qildi.,data\clean\en_uz\public_5k_v1\accepted_public_en_uz_5000.csv,16,14
challenge_0210,normal,- have dermal bone plates covering the body;,- tanani qoplaydigan dermal suyak plitalari mavjud;,data\clean\en_uz\hplt\hplt_en_uz_10k_clean.csv,7,6
challenge_0211,time_date,"May 5, 2019. ↑ ""Minnesota United's Ike Opara wins 2019 MLS Defender of the Year"". October 17, 2019. ↑ ""MNUFC Exercises Buyout on Ike Opara | Minnesota United FC"". ↑ ""Sporting KC defender Ike Opara selected to U.S. Men's National Team for January Camp"". Sporting Kansas City.","Star Tribune (5-may 2019-yil). ↑ „Minnesota United's Ike Opara wins 2019 MLS Defender of the Year"" (17-oktabr 2019-yil). ↑ „MNUFC Exercises Buyout on Ike Opara | Minnesota United FC"". ↑ „Sporting KC defender Ike Opara selected to U.S. Men's National Team for January Camp"" (en).",data\clean\en_uz\public_5k_v1\public_candidates_scored.csv,44,42
challenge_0212,negation,"Sampson's knee and back troubles worsened, and he never played a full season in the remaining years of his NBA career.",Sampsonning tizzasi va belidagi muammolari yomonlashdi va u NBA faoliyatining qolgan yillarida hech qachon to'liq mavsum o'ynamagan.,data\clean\en_uz\public_5k_v1\public_candidates_scored.csv,21,17
challenge_0213,number,"He was fired on March 17, 2020 after his first losing season, with his seven years stint at Grand Canyon coming to an end.","U 2020-yil 17-martda birinchi mag'lubiyat mavsumidan so'ng ishdan bo'shatilgan, uning Grand Kanyondagi yetti yillik faoliyati yakuniga yetmoqda.",data\clean\en_uz\public_5k_v1\public_candidates_scored.csv,24,17
challenge_0214,time_date,He made his first team debut on 30 August as a substitute in a UEFA Europa League game against FC Vaslui to replace Antonio Cassano after starting goalkeeper Castellazzi was sent off.,"U 30-avgust kuni UEFA Yevropa ligasi doirasidagi Vasluiga qarshi o'yinda asosiy darvozabon Castellazzi qizil kartochka olganida, Antonio Cassanoning o'rniga zaxiradan tusnib debyut qildi.",data\clean\en_uz\public_5k_v1\public_candidates_scored.csv,32,23
challenge_0215,normal,Strong wind shear and decreasing sea surface temperatures significantly weakened the storm.,Kuchli shamol siljishi va dengiz sathi haroratining pasayishi bo'ronni sezilarli darajada zaiflashtirdi.,data\clean\en_uz\public_5k_v1\public_candidates_scored.csv,12,12
challenge_0216,time_date,"Ivor John Allchurch MBE (16 October 1929 – 10 July 1997) was a Welsh professional footballer who played for Swansea Town, Newcastle United and Cardiff City, as well as the Wales national football team.","Ivor John Allchurch (1929-yil 16-oktabr - 1997-yil 10-iyul) — Swansea Town, Newcastle United va Cardiff City, klublarida shuningdek, Uels milliy futbol jamoasida o'ynagan uelslik professional futbolchi.",data\clean\en_uz\public_5k_v1\public_candidates_scored.csv,33,24
challenge_0217,negation,He scored the first goal in what would become a 3–2 win to Malmö.[1] A move to LB07 was next as it became apparent he would not break into the Malmö first team.,"U ""Malmyo"" 3:2 hisobida g'alaba qozongan uchrashuvda birinchi golini urgan[1]. LB07 ga o'tish keyingi manzil edi, chunki u Malmyoning birinchi jamoasiga kirmasligi ma'lum bo'lgan.",data\clean\en_uz\public_5k_v1\public_candidates_scored.csv,35,26
challenge_0218,negation,Use this technique in autumn and winter to prevent a depressive mood and not lose the feeling of joy.,Ushbu texnikani kuz va qishda depressiv kayfiyatni oldini olish va quvonch hissini yo'qotish uchun foydalaning.,data\clean\en_uz\hplt\hplt_en_uz_10k_clean.csv,19,15
challenge_0219,time_date,Jakki Degg (born 20 February 1978) is an English glamour model and actress.,Jakki Degg (1978-yil 20-fevralda tug'ilgan) - ingliz glamur modeli va aktrisasi.,data\clean\en_uz\public_5k_v1\public_candidates_scored.csv,13,10
challenge_0220,entity,Atakum's mayor is Cemil Deveci of the Republican People's Party.,Atakumning hokimi Respublika xalq partiyasidan Cemil Deveci.,data\clean\en_uz\public_5k_v1\public_candidates_scored.csv,10,7
challenge_0221,time_date,"Dorothy Lewis Bernstein (April 11, 1914 – February 5, 1988) was an American mathematician known for her work in applied mathematics, statistics, computer programming, and her research on the Laplace transform.[1] She was the first woman to be elected president of the Mathematics Association of America.[2]","Doroti Lyuis Bernshteyn (1914-yil 11-aprel - 1988-yil 5-fevral) amaliy matematika, statistika, kompyuter dasturlash sohasidagi ishlari va Laplas konvertatsiyasi boʻyicha tadqiqotlari bilan tanilgan amerikalik matematik. [1] U Amerika matematika assotsiatsiyasi prezidenti etib saylangan birinchi ayol hisoblanadi. [2]",data\clean\en_uz\public_5k_v1\public_candidates_scored.csv,47,35
challenge_0222,number,"After her first book Bir Deste Menekşe (A Bouquet of Violet), the second book named Feryâdlarım (My Screeches) was published in 1925.","Bir Deste Menekşe (Binafsha guldastasi) nomli birinchi kitobidan so'ng, 1925-yilda Feryâdlarım (Faryodlarim) nomli ikkinchi kitob chop etildi.",data\clean\en_uz\public_5k_v1\public_candidates_scored.csv,22,17
challenge_0223,long,Durr was drafted by the New York Liberty as the 2nd overall pick in the 2019 WNBA draft.,Durr 2019-yilgi WNBA loyihasida ikkinchi umumiy tanlov sifatida Nyu-York Liberty tomonidan tuzilgan.,data\clean\en_uz\public_5k_v1\public_candidates_scored.csv,18,12
challenge_0224,negation,Portals are created for encyclopedic topics only and not for article maintenance categories.,"Portallar faqat ensiklopedik mavzular uchun yaratilgan, maqolaga xizmat ko'rsatish toifalari uchun emas.",data\clean\en_uz\public_5k_v1\public_candidates_scored.csv,13,12
challenge_0225,entity,Pielisjärvi is a former municipality in the region of North Karelia in Finland.,Pielisjärvi Finlyandiyaning Shimoliy Kareliya mintaqasida joylashgan sobiq munisipalitetdir .,data\clean\en_uz\public_5k_v1\public_candidates_scored.csv,13,8
challenge_0226,number,"Romancham (transl. Goosebumps) is a 2023 Indian Malayalam-language comedy horror film written and directed by Jithu Madhavan in his directorial debut, starring Soubin Shahir, Arjun Ashokan, Sajin Gopu, Siju Sunny and Abin Bino in the lead roles.","Romancham 2023-yil Hind Malayalam tili komediya dahshatli film tomonidan yozilgan va rejissyor Jithu Madhavan uning rejissyorlik debyutida, yulduzcha Soubin Shohir, Arjun Ashokan, Sajin Gopu, Siju Sunny va Abin Bino bosh rollarda.",data\clean\en_uz\public_5k_v1\public_candidates_scored.csv,37,31
challenge_0227,long,"You aren't fit to have the sons of Christians under you; we aren't afraid of your army, and we'll fight you on land and sea.","Siz nasroniylarning o'g'illarini sizning qo'lingizda bo'lishga loyiq emassiz; biz sizning qo'shiningizdan qo'rqmaymiz, siz bilan quruqlikda va dengizda jang qilamiz.",data\clean\en_uz\public_5k_v1\public_candidates_scored.csv,25,19
challenge_0228,negation,Complaints to veterinarians are no exception.,Veterinarlarga shikoyatlar bundan mustasno emas.,data\clean\en_uz\hplt\hplt_en_uz_10k_clean.csv,6,5
challenge_0229,negation,These are expected to be finished no earlier than 2024.,Ta'mirlash 2024-yildan oldin yakunlanishi kutilmoqda.,data\clean\en_uz\public_5k_v1\public_candidates_scored.csv,10,5
challenge_0230,entity,The Mahindra Scorpio was launched in 2002.,Mahindra Scorpio 2002 yilda ishga tushirilgan.,data\clean\en_uz\public_5k_v1\public_candidates_scored.csv,7,6
challenge_0231,entity,"What the evolutionary history of Arctotherium in the previous 1.5 million years, and their history in South America, is unclear.","Arctotheriumning oldingi 1,5 million yildagi evolyutsion tarixi va ularning Janubiy Amerikadagi tarixi fanga noma'lum.",data\clean\en_uz\public_5k_v1\public_candidates_scored.csv,21,15
challenge_0232,long,"- Our Tiktok video downloader will extract high quality MP4 video links, and you can choose to download whichever quality you want.",- Bizning Tiktok video yuklab oluvchimiz yuqori sifatli MP4 video havolalarini chiqaradi va siz qaysi sifatni xohlasangiz yuklab olishni tanlashingiz mumkin.,data\clean\en_uz\hplt\hplt_en_uz_10k_clean.csv,21,20
challenge_0233,number,1992 Barcelona Olympics,1992-yilgi Barselona Olimpiadalari,data\clean\en_uz\public_5k_v1\public_candidates_scored.csv,3,3
challenge_0234,number,Odom played college basketball for the Duke Blue Devils from 2016 to 2020.,Odom 2016-yildan 2020-yilgacha Duke Blue Devils uchun kollej basketboli jamoasida o'ynagan.,data\clean\en_uz\public_5k_v1\public_candidates_scored.csv,13,11
challenge_0235,normal,The hamlet has an ancient salmon fishing station.,Qishloqda qadimgi losos baliq ovlash stantsiyasi mavjud.,data\clean\en_uz\public_5k_v1\public_candidates_scored.csv,8,7
challenge_0236,entity,His father had been a captain in the Confederate States Army.[2][3],Uning otasi Konfederatsiyalar armiyasida kapitan bo'lgan. [2] [3],data\clean\en_uz\public_5k_v1\public_candidates_scored.csv,13,8
challenge_0237,time_date,"Edna Campbell (born November 26, 1968) is a retired women's basketball player who played in the Women's National Basketball Association (WNBA).",Edna Campbell (1968-yil 26-noyabrda tug'ilgan) - Ayollar Milliy Basketbol Assotsiatsiyasida (WNBA) o'ynagan iste'fodagi ayollar basketbolchisi.,data\clean\en_uz\public_5k_v1\accepted_public_en_uz_5000.csv,21,14
challenge_0238,time_date,"Retrieved 3 November 2019. ↑ ""Previous Tournaments"".","Qaraldi: 3-noyabr 2019-yil. ↑ „Previous Tournaments"" (en).",data\clean\en_uz\public_5k_v1\public_candidates_scored.csv,6,6
challenge_0239,time_date,"During all the acquisitions, in September 1957, Kroger sold off its Wichita, Kansas, store division, then consisting of 16 stores, to J. S. Dillon and Sons Stores Company, then headed by Ray S. Dillon, son of the company founder.","Barcha sotib olishlar davomida, 1957 yil sentyabr oyida Kroger oʻzining Vichita, Kanzasdagi doʻkon boʻlinmasini oʻsha paytda 16 doʻkondan iborat boʻlgan JS Dillon and Sons Stores kompaniyasiga sotdi, keyinchalik kompaniya asoschisining oʻgʻli Rey S. Dillon rahbarlik qildi.",data\clean\en_uz\public_5k_v1\public_candidates_scored.csv,39,36
challenge_0240,negation,"They stand by others without exception, no matter what happens.","Ular nima bo'lishidan qat'i nazar, istisnosiz boshqalarning yonida turishadi.",data\clean\en_uz\hplt\hplt_en_uz_10k_clean.csv,10,9
challenge_0241,negation,"Since the colonial period, there have been efforts to propose and promulgate standardized or at least harmonized approaches to using the Latin script for African languages.",Mustamlaka davridan beri Afrika tillari uchun lotin yozuvidan foydalanish bo'yicha standartlashtirilgan yoki hech bo'lmaganda uyg'unlashtirilgan yondashuvlarni taklif qilish va yaratish harakatlari olib borildi.,data\clean\en_uz\public_5k_v1\public_candidates_scored.csv,26,23
challenge_0242,time_date,"Retrieved March 10, 2013. ↑ Allen, Irving L.","10-mart 2013-yilda qaraldi. ↑ Allen, Irving L..",data\clean\en_uz\public_5k_v1\public_candidates_scored.csv,7,6
challenge_0243,entity,Has played for the Japan National Soccer team.,Yaponiya milliy futbol jamoasida o'ynagan.,data\clean\en_uz\public_5k_v1\public_candidates_scored.csv,8,5
challenge_0244,normal,Monosaccharides with eight or more carbons are rarely observed as they are quite unstable.,"Sakkiz yoki undan ortiq uglerodli monosaxaridlar kamdan-kam kuzatiladi, chunki ular juda beqaror.",data\clean\en_uz\public_5k_v1\public_candidates_scored.csv,14,12
challenge_0245,time_date,BBC Sport. 24 February 2002.,BBC Sport (24-fevral 2002-yil).,data\clean\en_uz\public_5k_v1\public_candidates_scored.csv,5,4
challenge_0246,long,Its floor is formed by the pectineus and adductor longus muscles medially and iliopsoas muscle laterally.[1],Uchburchakning tubini m.pectineus medialis va m. adductorius longus mushaklari va yon tomondan m.iliopsoas mushaklari hosil qiladi[1].,data\clean\en_uz\public_5k_v1\public_candidates_scored.csv,17,19
challenge_0247,entity,"You can upload photos individually and edit them in different windows, just like in Gimp Desktop Version",Siz fotosuratlarni alohida-alohida yuklashingiz va ularni xuddi shunga o'xshash turli xil oynalarda tahrirlashingiz mumkin Gimp ish stoli versiyasi,data\clean\en_uz\hplt\hplt_en_uz_10k_clean.csv,17,18
challenge_0248,long,"The main building of the Palace was a hollow shell, without a roof or floors. The north wall had fallen.",Saroyning asosiy binosi tomi va pollari bo'lmagan ichi bo'sh qobiqqa aylangan edi.,data\clean\en_uz\public_5k_v1\public_candidates_scored.csv,20,12
challenge_0249,time_date,"He joined German club Stuttgart in July 2019, sustaining a serious knee injury shortly after joining and not making his debut until May 2020.","2019-yil iyul oyida Germaniyaning ""Stuttgart"" klubiga qo'shildi, qo'shilganidan ko'p o'tmay tizzasidan jiddiy jarohat oldi va 2020-yil mayigacha oʻynat olmadi.",data\clean\en_uz\public_5k_v1\public_candidates_scored.csv,24,19
challenge_0250,normal,Notable species of this class include:,Ushbu sinfga mansub bo'lgan mashhur turlari:,data\clean\en_uz\public_5k_v1\public_candidates_scored.csv,6,6
challenge_0251,negation,"None of the scenes showed that the boy had died, they wrote.","Ularning yozishicha, sahnalarning hech birida bolaning vafot etgani ko'rsatilmagan.",data\clean\en_uz\public_5k_v1\public_candidates_scored.csv,12,9
challenge_0252,number,"(1502–22) Henry VII Lady Chapel at Westminster Abbey, London (1503–1509)[2] Church of St. John the Baptist, Cirencester, Glos.","(1502–22) Londondagi Vestminster Abbeydagi Genrix VII Lady Chapel (1503-1509) [2] Baptist Yahyo cherkovi, Cirencester, Glos.",data\clean\en_uz\public_5k_v1\public_candidates_scored.csv,21,16
challenge_0253,time_date,SPR Dashboard. 26 September 2020.,SPR Dashboard (26-sentabr 2020-yil).,data\clean\en_uz\public_5k_v1\public_candidates_scored.csv,5,4
challenge_0254,long,"In January 2014, the IPC began accepting bids for new sports to be added to the Paralympic programme.",2014-yil yanvar oyida IPC Paralimpiya dasturiga qo'shiladigan yangi sport turlari bo'yicha takliflarni qabul qila boshlagan.,data\clean\en_uz\public_5k_v1\public_candidates_scored.csv,18,15
challenge_0255,time_date,SUNx Malta has today issued its second annual report on Climate Friendly Travel ahead of the...,Yevropaning 1-raqamli aviakompaniyasi Ryanair bugun (25-oktabr) Ammanga o'zining eng katta parvoz jadvalini e'lon qildi...,data\clean\en_uz\hplt\hplt_en_uz_10k_clean.csv,16,14
challenge_0256,entity,He has previously played for Heart of Midlothian and Bologna.,"U avval ""Heart of Midlothian"" va "" Bolonya "" klublarida o'ynagan.",data\clean\en_uz\public_5k_v1\public_candidates_scored.csv,10,9
challenge_0257,long,The song also earned Lee her second Grammy nomination for Best Pop Female Vocal.,"Qo'shiq, shuningdek, Liga "" Eng yaxshi pop ayol vokali "" uchun ikkinchi Grammy nominatsiyasini ham qo'lga kiritdi.",data\clean\en_uz\public_5k_v1\public_candidates_scored.csv,14,15
challenge_0258,entity,"BBC Newsbeat. December 18, 2017.",BBC Newsbeat (18-dekabr 2017-yil).,data\clean\en_uz\public_5k_v1\public_candidates_scored.csv,5,4
challenge_0259,entity,"Daniel Alves da Silva (born 6 May 1983), known simply as Dani Alves (Brazilian Portuguese: [ˈdɐ̃ni ˈawvis]), is a Brazilian professional footballer who plays as a right-back for Liga MX club UNAM and the Brazil national team.","Daniel Alves da Silva (1983 yil 6-mayda tug'ilgan), Dani Alves nomi bilan tanilgan, braziliyalik professional futbolchi, Liga MX klubi UNAM va Braziliya terma jamoasida o'ng qanot himoyachisi sifatida o'ynaydi.",data\clean\en_uz\public_5k_v1\accepted_public_en_uz_5000.csv,38,29
challenge_0260,negation,"It has 12 big and small villages, which are surrounded by mountains so there is not enough land for farming.[1]","Unda tog'lar bilan o'ralgan 12 ta katta-kichik qishloqlar bor, shuning uchun dehqonchilik uchun yetarli yer mavjud emas. [1]",data\clean\en_uz\public_5k_v1\public_candidates_scored.csv,21,18
challenge_0261,normal,- The furniture from the massif has a long service life.,- Masifdagi mebel uzoq xizmat muddatiga ega.,data\clean\en_uz\hplt\hplt_en_uz_10k_clean.csv,10,6
challenge_0262,number,"According to the 2001 census, the village has a population of 30 people.[1]","2001-yilgi aholini ro'yxatga olish ma'lumotlariga ko'ra, qishloqda 30 kishi istiqomat qilgan[1].",data\clean\en_uz\public_5k_v1\public_candidates_scored.csv,14,12
challenge_0263,time_date,First version: from 1992 until 30 June 2002.,Birinchi versiya: 1992-yildan 2002-yil 30-iyungacha.,data\clean\en_uz\public_5k_v1\accepted_public_en_uz_5000.csv,8,5
challenge_0264,time_date,"Shingo Kunieda (国枝 慎吾, Kunieda Shingo, born February 21, 1984) is a Japanese wheelchair tennis player.",Shingo Kunieda (1984-yil 21-fevralda tug'ilgan) yaponiyalik nogironlar aravachasi tennischisi.,data\clean\en_uz\public_5k_v1\public_candidates_scored.csv,16,9
challenge_0265,negation,"A mother may tell her toddlers, ""Don't go out into the street, so you don't get hit by a car.""","Shunday qilib, trotuarlar (yoʻlkalar) va yo'l chetlari ko'chaning bir qismi deb hisoblanmaydi.",data\clean\en_uz\public_5k_v1\public_candidates_scored.csv,20,12
challenge_0266,time_date,"Dean Jagger (November 7, 1903 – February 5, 1991) was an American film, stage, and television actor who won the Academy Award for Best Supporting Actor for his role in Henry King's Twelve O'Clock High (1949).[1]","Dean Jagger (talaffuzi: ""Din Jagger"", 1903-yil 7-noyabr – 1991-yil 5-fevral) amerikalik kino, sahna va televideniye aktyori boʻlib, Henry Kingning ""Twelve O'clock High"" (1949) filmidagi roli uchun ""Eng yaxshi ikkinchi plandagi aktyor"" nominatsiyasida Akademiya mukofotini qoʻlga kiritgan[1].",data\clean\en_uz\public_5k_v1\public_candidates_scored.csv,36,36
challenge_0267,number,Retrieved 2 June 2022.,Qaraldi: 2-iyun 2022-yil.,data\clean\en_uz\public_5k_v1\public_candidates_scored.csv,4,3
challenge_0268,time_date,"Retrieved 28 July 2009. ↑ Dublin Evening Press, 18 July 1857.","Qaraldi: 28-iyul 2009-yil. ↑ Dublin Evening Press, 18 July 1857.",data\clean\en_uz\public_5k_v1\accepted_public_en_uz_5000.csv,10,9
challenge_0269,normal,She was the first reporter who lost their job due to an affair.,U kasbi tufayli ishidan ayrilgan birinchi muxbir edi.,data\clean\en_uz\public_5k_v1\public_candidates_scored.csv,13,8
challenge_0270,entity,Mrinal Kulkarni has acted in Marathi as well as Bollywood films.,Mrinal Kulkarni Bollywood filmlari qatori maratxi tilida ham rol ijro etgan.,data\clean\en_uz\public_5k_v1\public_candidates_scored.csv,11,11
challenge_0271,long,They originally won the bid to host the 2019 FIFA U-17 World Cup but later withdrawn by FIFA.,"Dastlab ular 2019-yilgi FIFA U-17 Jahon chempionatini o'tkazish uchun arizada g'alaba qozongan, ammo keyinchalik FIFA tomonidan qaytarib olingan.",data\clean\en_uz\public_5k_v1\public_candidates_scored.csv,18,18
challenge_0272,long,"Later, the Ephesians claimed this fugitive had actually been the beloved disciple himself.","Keyinchalik, efesliklar bu qochoq haqiqatan ham sevimli shogirdning o'zi bo'lganini da'vo qilishdi. Keyinchalik, bu Yuhanno Neron tomonidan surgun qilingan va vahiy kitobini yozganidan keyin Patmosda vafot etgan.",data\clean\en_uz\public_5k_v1\public_candidates_scored.csv,13,27
challenge_0273,negation,"That's right – we're giving you 1080p media like you've never seen before, and it's one of the hottest things that you'll ever come across.",Siz bunday joyni uzoq vaqtdan beri xohlagansiz va endi nihoyat shu erda-ro'yxatdan o'ting va biz sizni qisqa vaqt ichida boshqa tomonda ko'ramiz!,data\clean\en_uz\hplt\hplt_en_uz_10k_clean.csv,24,22
challenge_0274,entity,"On April 1, 2004, Miwa, along with the towns of Kisa and Mirasaka, the villages of Funo, Kimita and Sakugi (all from Futami District), and the town of Kōnu (from Kōnu District), was merged with the expanded city of Miyoshi and no longer exists as an independent municipality.[1]","2004-yil 1-aprel Konu, Miwa, Kisa, Mirasaka, Funo, Kimita va Sakugi qishloqlari (hammasi Futami tumani) va Kōnu shahri bilan birgalikda Miyoshi shahri bilan birlashtirilgan[1].",data\clean\en_uz\public_5k_v1\public_candidates_scored.csv,49,24
challenge_0275,number,"Season Of Passion is a 1979 romantic novel by American Danielle Steel.[1] The book was originally published on June 1, 1979, by Dell Publications, containing 432 pages.","Season Of Passion — amerikalik yozuvchi Danielle Steelning 1979-yilda yozilgan ishqiy mavzudagi romani[1]. Kitob dastlab 1979-yil 1-iyunda Dell nashriyoti tomonidan nashr etilgan bo'lib, 432 sahifadan iborat bo'lgan.",data\clean\en_uz\public_5k_v1\accepted_public_en_uz_5000.csv,28,27
challenge_0276,negation,Jakub Kindl (born 10 February 1987) is a Czech professional ice hockey defenseman who is currently an unrestricted free agent.,Jakub Kindl (Yakub Kindl) (1987-yil 10-fevralda tug'ilgan) — chexiyalik professional xokkey himoyachisi. Jakub Kindl hozirda hech qanday cheklovlarsiz erkin agent hisoblanadi.,data\clean\en_uz\public_5k_v1\public_candidates_scored.csv,20,20
challenge_0277,long,The largest and most ambitious exhibition was the Arts and Industrial Exhibition which took place in 1902.,Eng yirik va eng ulugʻvor koʻrgazma 1902-yilda boʻlib oʻtgan Sanʼat va sanoat koʻrgazmasi edi.,data\clean\en_uz\hplt\hplt_en_uz_10k_clean.csv,17,14
challenge_0278,normal,"Sushi thus became a popular snack food and main entrée, combining fish with rice.","Shunday qilib , sushi baliqni guruch bilan birlashtirgan mashhur gazak va asosiy taomga aylandi.",data\clean\en_uz\public_5k_v1\public_candidates_scored.csv,14,13
challenge_0279,number,Ming musketeers tried to reform ranks and fire their guns but were flanked by Jin cavalry which broke their formation and shattered their morale.[7],"Min mushketyorlari saflarini o'zgartirishga va qurollaridan o'qqa tutishga harakat qilishdi. Ammo Jin otliqlari yordamga kelib, ularning saflarini buzdi va ruhiyatini tushirib yubordi.[7]",data\clean\en_uz\public_5k_v1\public_candidates_scored.csv,25,23
challenge_0280,negation,A device that is offline uses no external clock reference and relies upon its own internal clock.,Oflayn bo'lgan qurilma tashqi soat ma'lumotnomasidan foydalanmaydi va o'zining ichki soatiga tayanadi.,data\clean\en_uz\public_5k_v1\public_candidates_scored.csv,17,12
challenge_0281,normal,Department of civil disciplines,Fuqarolik huquqi fanlari kafedrasi,data\clean\en_uz\hplt\hplt_en_uz_10k_clean.csv,4,4
challenge_0282,long,"Mendy was released in 2014, after which he almost quit football, before getting an opportunity with Marseille's reserves.","Mendy 2014-yilda erkin agent bo'ldi, shundan so'ng u "" Marseille "" zahiralari bilan imkoniyatni qo'lga kiritishdan oldin deyarli futbolni tark etdi.",data\clean\en_uz\public_5k_v1\public_candidates_scored.csv,18,19
challenge_0283,normal,And the logistics service is based on customers' requirements.,Va logistika xizmati mijozlarning talablariga asoslanadi.,data\clean\en_uz\hplt\hplt_en_uz_10k_clean.csv,9,6
challenge_0284,negation,"However, don't forget that the company often offers discounts on its software.","Biroq, kompaniya ko'pincha o'z dasturiy ta'minotiga chegirmalarni taklif qilishini unutmang.",data\clean\en_uz\hplt\hplt_en_uz_10k_clean.csv,12,10
challenge_0285,number,Retrieved 9 November 2015.,Qaraldi: 9-noyabr 2015-yil.,data\clean\en_uz\public_5k_v1\public_candidates_scored.csv,4,3
challenge_0286,negation,"Thus, the prediction that the 5'-tRNA anticodon bases, G and I could wobble (and C could not) have been borne out.","Shunday qilib, 5'-tRNK antikodon asoslari, G va men chayqalishi mumkin (va C bo'lishi mumkin emas) degan bashorat amalga oshdi.",data\clean\en_uz\hplt\hplt_en_uz_10k_clean.csv,21,19
challenge_0287,number,"Settlement is located on the river Jejora (which is a tributary of Rioni river) on the slopes if Racha mountain ridge, 60 km north-west of Tskhinvali and 20 km from Oni.","Aholi punkti Jejora daryosi ( Rioni daryosining irmogʻi) Racha togʻ tizmasi yon bagʻirlarida, Sxinvalidan 60 km shimoli-g'arbiyda va Oni shahridan 20 km masofada joylashgan.",data\clean\en_uz\public_5k_v1\public_candidates_scored.csv,31,23
challenge_0288,number,"Typically, a large nucleus like that of uranium fissions by splitting into two smaller nuclei, along with a few neutrons, the release of heat energy (kinetic energy of the nuclei), and gamma rays.","Odatda, uran yadrosiga o'xshash katta yadro2 ta kichik yadroga bo'linib, bir nechta neytronlar, issiqlik energiyasi (yadrolarning kinetik energiyasi ) va gamma nurlari bilan bir birlaridan farqli qilib turadi.",data\clean\en_uz\public_5k_v1\public_candidates_scored.csv,33,27
challenge_0289,time_date,Mittag will end her playing career after the women's Saxony Cup final on 30 August 2020.[1],"Mittag futbolchilik faoliyatini 2020-yil, 30-avgustda ayollar o'rtasidagi Saksoniya kubogi finalidan so'ng yakunlaydi.[1]",data\clean\en_uz\public_5k_v1\public_candidates_scored.csv,17,13
challenge_0290,normal,"Billed items like use-and-throw, taxes, etc. are excluded from admissible claim.","Foydalanish va tashlash, soliqlar va boshqalar kabi hisob-kitoblar qabul qilinadigan daʼvodan chiqarib tashlanadi.",data\clean\en_uz\public_5k_v1\public_candidates_scored.csv,11,13
challenge_0291,long,The city belongs to the mesoregion of Triângulo Mineiro e Alto Paranaiba and to the microregion of Patrocínio.,Shahar Tri Rakkulo Mineiro e Alto Paranaiba mesoregionga va Patroc Rokkiot Mikroregionga ktegishli.,data\clean\en_uz\public_5k_v1\public_candidates_scored.csv,18,13
challenge_0292,negation,"In 2007, Polley discovered that her father, Michael Polley, who had raised her, was not her biological father.",2007-yilda Polley uni tarbiyalagan otasi Michael Polley uning biologik otasi emasligini aniqladi.,data\clean\en_uz\public_5k_v1\public_candidates_scored.csv,18,12
challenge_0293,long,"The film Alpha and Omega, which was among his last film roles, was dedicated to him, as was the 2011 film Restless, which starred his son Henry Hopper.","Uning so'nggi film rollaridan biri bo'lgan ""Alpha and Omega"" filmi, 2011-yilda o'g'li Henry Hopper rol o'ynagan ""Restless"" filmi kabi unga bag'ishlangan edi.",data\clean\en_uz\public_5k_v1\public_candidates_scored.csv,28,22
challenge_0294,number,Tahtalı is a village in the Güroymak District of Bitlis Province in Turkey.[1] Its population is 412 (2021).[2],"Tahtalı — Turkiyaning Bitlis viloyatigi Gʻuroymak tumaniga qarashli qishloq[1]. 2021-yildagi statistik maʼlumotlarga koʻra, aholisi 412 kishidan iborat boʻlgan[2].",data\clean\en_uz\public_5k_v1\public_candidates_scored.csv,20,19
challenge_0295,negation,"Because of the nature of the novels, Adams utilized the Fabian pseudonym so that his more standard works would not be tainted by any scandal accruing to these novels.","Romanlarning tabiatiga ko'ra, Adams Fabian taxallusidan foydalangan, shunda uning ko'proq standart asarlari ushbu romanlarda yuzaga keladigan janjallarga duchor bo'lmaydi.",data\clean\en_uz\public_5k_v1\public_candidates_scored.csv,29,19
challenge_0296,number,"Village in Karnataka, India Bolakadabi Village Country India State Karnataka District Belgaum Government • Type Panchayat raj Languages • Official Kannada Time zone UTC+5:30 (IST)",Bolakadabi Qishloq Bolakadabi Village Country India State Karnataka District Belgaum Government • Type Panchayat raj Languages • Official Kannada Time zone UTC+5:30 (IST),data\clean\en_uz\public_5k_v1\public_candidates_scored.csv,25,23
challenge_0297,negation,Asian Games record Year Result Position GP W D* L GS GA GD 1990 Part of Indonesia 1994 1998 2002 Did not enter 2006 2010 2014 2018 2022 To be determined 2026 Total 0/8 — — — — — — —,Osiyo o'yinlari rekordi Yil Natija Lavozim * 1990-yil Indoneziya terma jamoasining birqismi edi 1994-yil 1998-yil 2002-yil Kiritilmadi 2006-yil 2010-yil 2014-yil 2018 2022 Aniqlanishi uchun 2026 Jami 0/8 — — — — — — —,data\clean\en_uz\public_5k_v1\public_candidates_scored.csv,35,27
challenge_0298,time_date,"On January 20, 2019, Ashley signed a five-month contract with Linköpings FC in the Damallsvenskan in Sweden.[1] She made her professional debut on February 16, starting in a Svenska Cupen game against Växjö.",2019-yil 20-yanvarda Ashley Shvetsiyaning Damallsvenskan shahridagi Linköpings klubi bilan besh oylik shartnoma imzoladi.[1] U professional debyutini 16-fevral kuni Svenska Kupenga musobaqasidagi o'yinda Växjöga qarshi o'tkazdi.,data\clean\en_uz\public_5k_v1\accepted_public_en_uz_5000.csv,34,26
challenge_0299,normal,A picture in a golden frame hangs above the chairs.,Oltin ramkadagi rasm stullar ustida osilgan.,data\clean\en_uz\hplt\hplt_en_uz_10k_clean.csv,10,6
challenge_0300,normal,"Many encephalitic viruses often have characteristic symptoms of infection, helping to aid diagnosis.","Ko'pgina ensefalitik viruslar asosan infektsiyaning xarakterli belgilariga ega bo'lib, tashxis qo'yishga yordam beradi.",data\clean\en_uz\public_5k_v1\public_candidates_scored.csv,13,13
